,date,open,high,low,close,volume,amount,outstanding_share,turnover
0,2020-04-22,7.35,8.82,7.35,8.82,6147807.0,57894059.0,242000000.0,0.025404161157024794
1,2020-04-23,8.97,9.7,8.51,9.3,128736674.0,1265824225.0,242000000.0,0.5319697272727273
2,2020-04-24,8.83,8.97,8.38,8.38,65021055.0,591100729.0,242000000.0,0.26868204545454544
3,2020-04-27,7.82,8.17,7.54,7.73,74937909.0,616356238.0,242000000.0,0.30966078099173555
4,2020-04-28,7.5,7.66,7.12,7.3,48724498.0,385368241.0,242000000.0,0.2013409008264463
5,2020-04-29,7.28,7.86,7.28,7.61,55087124.0,447032376.0,242000000.0,0.22763274380165288
6,2020-04-30,7.53,7.83,7.35,7.57,49970678.0,402618653.0,242000000.0,0.20649040495867768
7,2020-05-06,7.48,7.95,7.43,7.75,47791650.0,394417656.0,242000000.0,0.19748615702479339
8,2020-05-07,7.6,7.97,7.5,7.81,57424764.0,472642379.0,242000000.0,0.23729241322314049
9,2020-05-08,7.71,8.3,7.7,8.14,69136401.0,586675391.0,242000000.0,0.2856876074380165
10,2020-05-11,8.03,8.43,7.93,7.96,68219486.0,595863484.0,242000000.0,0.28189870247933885
11,2020-05-12,7.86,8.18,7.62,8.15,60182960.0,506542966.0,242000000.0,0.2486899173553719
12,2020-05-13,8.02,8.27,8.0,8.07,49481419.0,430517557.0,242000000.0,0.204468673553719
13,2020-05-14,8.2,8.87,8.11,8.87,85577079.0,799886397.0,242000000.0,0.35362429338842977
14,2020-05-15,8.88,8.88,8.37,8.42,94480213.0,868345422.0,242000000.0,0.39041410330578513
15,2020-05-18,8.7,9.26,8.58,9.26,94056373.0,912236324.0,242000000.0,0.3886626983471074
16,2020-05-19,9.64,10.18,9.64,10.18,41439364.0,440222286.0,242000000.0,0.17123704132231404
17,2020-05-20,11.13,11.2,10.29,10.39,148416829.0,1720898910.0,242000000.0,0.6132926818181819
18,2020-05-21,10.76,11.21,9.9,10.01,136193398.0,1553006962.0,242000000.0,0.5627826363636363
19,2020-05-22,9.64,10.94,9.27,10.66,137363988.0,1469845234.0,242000000.0,0.5676197851239669
20,2020-05-25,10.57,11.73,10.5,11.16,148381839.0,1795015813.0,242000000.0,0.6131480950413223
21,2020-05-26,10.31,10.92,10.04,10.89,116936922.0,1316488662.0,242000000.0,0.4832104214876033
22,2020-05-27,10.8,11.97,10.7,11.97,144844161.0,1763868030.0,242000000.0,0.5985295909090909
23,2020-05-28,11.97,13.05,11.4,11.98,157319313.0,2049353516.0,242000000.0,0.6500798057851239
24,2020-05-29,11.78,12.44,11.5,11.88,111244464.0,1425990117.0,242000000.0,0.45968786776859505
25,2020-06-01,11.21,11.9,11.03,11.63,101079066.0,1239786171.0,242000000.0,0.4176820909090909
26,2020-06-02,11.53,12.33,11.43,12.25,115990709.0,1474344018.0,242000000.0,0.47930045041322317
27,2020-06-03,11.88,12.03,11.6,11.68,87941978.0,1108606342.0,242000000.0,0.3633966033057851
28,2020-06-04,11.51,11.9,10.71,10.96,87980781.0,1068842884.0,242000000.0,0.3635569462809917
29,2020-06-05,10.68,11.08,10.48,10.67,58724321.0,674434436.0,242000000.0,0.24266248347107439
30,2020-06-08,10.69,11.09,10.54,10.96,59408883.0,692112291.0,242000000.0,0.2454912520661157
31,2020-06-09,10.82,10.94,10.31,10.48,59665043.0,671316184.0,242000000.0,0.2465497644628099
32,2020-06-10,10.61,10.65,10.16,10.29,47829139.0,531187538.0,242000000.0,0.1976410702479339
33,2020-06-11,10.3,10.8,10.3,10.79,69299885.0,782757899.0,242000000.0,0.2863631611570248
34,2020-06-12,10.47,10.67,10.35,10.53,48255486.0,539824028.0,242000000.0,0.1994028347107438
35,2020-06-15,10.31,10.47,10.1,10.16,44995706.0,493266796.0,242000000.0,0.1859326694214876
36,2020-06-16,10.14,10.47,10.02,10.33,46538421.0,509799271.0,242000000.0,0.19230752479338842
37,2020-06-17,10.19,10.32,9.87,9.99,44184914.0,474952625.0,242000000.0,0.18258228925619835
38,2020-06-18,9.96,10.36,9.96,10.09,40630374.0,442950695.0,242000000.0,0.16789410743801653
39,2020-06-19,9.97,10.02,9.73,9.94,38985628.0,410832972.0,242000000.0,0.16109763636363636
40,2020-06-22,9.94,10.07,9.78,10.01,29956116.0,318832163.0,242000000.0,0.12378560330578513
41,2020-06-23,9.99,10.57,9.99,10.18,54115562.0,598567428.0,242000000.0,0.22361802479338844
42,2020-06-24,9.94,10.09,9.76,9.79,37952091.0,398985112.0,242000000.0,0.1568268223140496
43,2020-06-29,9.72,9.72,9.47,9.59,23091491.0,236558273.0,242000000.0,0.09541938429752066
44,2020-06-30,9.64,9.78,9.56,9.78,24212981.0,250538502.0,242000000.0,0.10005364049586776
45,2020-07-01,9.74,10.41,9.72,10.21,53212569.0,573248640.0,242000000.0,0.21988664876033057
46,2020-07-02,10.1,10.33,9.98,10.17,45634129.0,495462688.0,242000000.0,0.18857078099173555
47,2020-07-03,10.16,10.74,10.13,10.55,60414629.0,677854431.0,242000000.0,0.24964722727272728
48,2020-07-06,10.65,11.34,10.65,11.33,71000491.0,841314948.0,242000000.0,0.29339045867768593
49,2020-07-07,11.48,11.57,10.85,11.4,79164399.0,954981922.0,242000000.0,0.32712561570247933
50,2020-07-08,11.18,12.54,11.13,12.54,85791166.0,1105343445.0,242000000.0,0.35450895041322317
51,2020-07-09,12.62,13.79,12.37,13.79,109089765.0,1509061051.0,242000000.0,0.45078415289256196
52,2020-07-10,13.45,14.75,12.55,12.9,98398913.0,1432549056.0,242000000.0,0.4066070785123967
53,2020-07-13,13.31,14.12,12.87,13.48,86540361.0,1237363601.0,242000000.0,0.35760479752066116
54,2020-07-14,13.18,13.83,13.05,13.6,67409711.0,963327319.0,242000000.0,0.27855252479338843
55,2020-07-15,13.85,14.03,12.35,12.42,66183222.0,906516582.0,242000000.0,0.2734843884297521
56,2020-07-16,12.83,12.97,11.36,11.77,48688418.0,637187986.0,242000000.0,0.20119180991735539
57,2020-07-17,11.68,11.92,11.28,11.7,31325552.0,387270459.0,242000000.0,0.1294444297520661
58,2020-07-20,11.81,12.66,11.69,12.55,41464319.0,537316802.0,242000000.0,0.1713401611570248
59,2020-07-21,12.56,12.66,12.07,12.15,29678618.0,386377810.0,242000000.0,0.1226389173553719
60,2020-07-22,12.45,12.61,12.15,12.24,31088400.0,406247485.0,242000000.0,0.12846446280991736
61,2020-07-23,12.35,12.9,12.05,12.43,48025574.0,635018538.0,242000000.0,0.19845278512396694
62,2020-07-24,12.05,12.4,11.35,11.48,41721385.0,529863213.0,242000000.0,0.1724024173553719
63,2020-07-27,11.44,11.67,10.78,11.65,30705016.0,372227566.0,242000000.0,0.1268802314049587
64,2020-07-28,11.77,12.21,11.66,11.82,33208078.0,420090849.0,242000000.0,0.13722346280991735
65,2020-07-29,11.58,11.89,11.38,11.88,27842597.0,346147584.0,242000000.0,0.11505205371900827
66,2020-07-30,11.88,11.94,11.56,11.58,25055970.0,311152111.0,242000000.0,0.10353706611570247
67,2020-07-31,11.55,12.01,11.5,11.76,27565172.0,344997301.0,242000000.0,0.11390566942148761
68,2020-08-03,11.68,12.22,11.6,12.14,35996346.0,458321073.0,242000000.0,0.14874523140495868
69,2020-08-04,12.25,12.75,11.73,12.48,51071578.0,661532248.0,242000000.0,0.21103957851239669
70,2020-08-05,12.26,13.07,12.24,12.84,54241743.0,728907448.0,242000000.0,0.22413943388429752
71,2020-08-06,12.71,13.05,12.49,12.7,46579783.0,631092519.0,242000000.0,0.19247844214876034
72,2020-08-07,12.73,12.99,12.27,12.57,39844886.0,533860319.0,242000000.0,0.16464828925619834
73,2020-08-10,12.23,12.38,11.78,11.86,35391962.0,452366858.0,242000000.0,0.14624777685950413
74,2020-08-11,11.9,12.15,11.45,11.55,27203483.0,342046670.0,242000000.0,0.1124110867768595
75,2020-08-12,11.39,11.39,10.96,11.13,24505600.0,289484324.0,242000000.0,0.10126280991735537
76,2020-08-13,11.2,11.38,11.07,11.25,15465925.0,183795121.0,242000000.0,0.06390878099173554
77,2020-08-14,11.13,11.3,11.04,11.21,11149033.0,132425217.0,242000000.0,0.04607038429752066
78,2020-08-17,11.23,11.52,11.13,11.51,15633755.0,189114854.0,242000000.0,0.06460229338842975
79,2020-08-18,11.64,11.71,11.45,11.54,16442802.0,201900908.0,242000000.0,0.06794546280991735
80,2020-08-19,11.74,11.83,11.38,11.41,19236599.0,237605205.0,242000000.0,0.0794900785123967
81,2020-08-20,11.49,11.57,11.13,11.19,14213867.0,171277631.0,242000000.0,0.05873498760330578
82,2020-08-21,11.27,11.56,11.13,11.2,15112000.0,181356240.0,242000000.0,0.062446280991735534
83,2020-08-24,11.21,11.25,10.81,10.9,16445035.0,190452214.0,242000000.0,0.06795469008264463
84,2020-08-25,10.9,10.96,10.55,10.57,19120036.0,217192541.0,242000000.0,0.07900841322314049
85,2020-08-26,10.6,10.6,10.15,10.17,16625182.0,182448156.0,242000000.0,0.06869909917355371
86,2020-08-27,10.21,10.37,10.21,10.34,10372895.0,113494878.0,242000000.0,0.04286320247933884
87,2020-08-28,10.34,10.62,10.23,10.61,13308208.0,147618068.0,242000000.0,0.05499259504132231
88,2020-08-31,10.64,10.78,10.53,10.54,12671941.0,143182370.0,242000000.0,0.05236339256198347
89,2020-09-01,10.51,10.69,10.46,10.67,9459709.0,106435581.0,242000000.0,0.03908970661157025
90,2020-09-02,10.58,10.6,10.32,10.41,12144960.0,134538781.0,242000000.0,0.050185785123966944
91,2020-09-03,10.39,10.39,10.18,10.2,10236810.0,111616434.0,242000000.0,0.04230086776859504
92,2020-09-04,9.99,10.25,9.91,10.22,8244405.0,87964797.0,242000000.0,0.03406778925619835
93,2020-09-07,10.3,10.49,10.14,10.23,12529617.0,137736687.0,242000000.0,0.05177527685950413
94,2020-09-08,10.22,10.31,10.09,10.25,9217142.0,100096501.0,242000000.0,0.038087363636363634
95,2020-09-09,10.07,10.14,9.76,9.77,13378026.0,140775182.0,242000000.0,0.05528109917355372
96,2020-09-10,9.9,9.93,9.56,9.72,10750951.0,111206602.0,242000000.0,0.0444254173553719
97,2020-09-11,9.68,9.79,9.58,9.76,6242500.0,64217259.0,242000000.0,0.025795454545454545
98,2020-09-14,9.84,9.89,9.68,9.75,7205654.0,74923169.0,242000000.0,0.029775429752066117
99,2020-09-15,9.75,9.77,9.6,9.69,6314460.0,64848765.0,242000000.0,0.02609280991735537
100,2020-09-16,9.69,9.69,9.53,9.56,7358043.0,74939444.0,242000000.0,0.030405136363636363
101,2020-09-17,9.46,9.7,9.32,9.62,10857874.0,109640468.0,242000000.0,0.044867247933884295
102,2020-09-18,9.59,10.24,9.59,10.09,18567819.0,195208776.0,242000000.0,0.07672652479338843
103,2020-09-21,10.02,10.15,9.96,9.98,11904476.0,126963638.0,242000000.0,0.04919204958677686
104,2020-09-22,9.8,9.93,9.6,9.61,10074299.0,104263798.0,242000000.0,0.0416293347107438
105,2020-09-23,9.7,9.85,9.64,9.71,6683048.0,69214996.0,242000000.0,0.02761590082644628
106,2020-09-24,9.56,9.59,9.43,9.46,7567600.0,76311244.0,242000000.0,0.03127107438016529
107,2020-09-25,9.44,9.55,9.29,9.38,6868491.0,68434977.0,242000000.0,0.028382194214876033
108,2020-09-28,9.38,9.45,9.24,9.26,4619839.0,45772161.0,242000000.0,0.019090243801652893
109,2020-09-29,9.34,9.37,9.26,9.26,4673500.0,46197563.0,242000000.0,0.01931198347107438
110,2020-09-30,9.25,9.3,9.05,9.16,5382324.0,52528000.0,242000000.0,0.02224100826446281
111,2020-10-09,9.28,9.51,9.28,9.5,7177978.0,71865952.0,242000000.0,0.02966106611570248
112,2020-10-12,9.57,9.77,9.56,9.75,8885367.0,91485618.0,242000000.0,0.036716392561983474
113,2020-10-13,9.73,9.74,9.56,9.64,7757908.0,79388285.0,242000000.0,0.032057471074380166
114,2020-10-14,9.59,9.6,9.43,9.44,7147800.0,72110847.0,242000000.0,0.029536363636363635
115,2020-10-15,9.46,9.55,9.39,9.41,6127781.0,61601659.0,242000000.0,0.025321409090909092
116,2020-10-16,9.44,9.46,9.35,9.41,4635862.0,46278150.0,242000000.0,0.019156454545454546
117,2020-10-19,9.44,9.59,9.37,9.52,5785200.0,58237556.0,242000000.0,0.023905785123966943
118,2020-10-20,9.44,9.57,9.32,9.54,6719371.0,67394644.0,242000000.0,0.027765995867768595
119,2020-10-21,9.61,10.06,9.61,9.93,21991051.0,230813201.0,242000000.0,0.09087211157024794
120,2020-10-22,9.82,10.24,9.74,10.08,20037232.0,213854340.0,242000000.0,0.08279847933884298
121,2020-10-23,9.94,9.99,9.76,9.79,13394931.0,140225614.0,242000000.0,0.05535095454545454
122,2020-10-26,9.7,9.7,9.48,9.53,8676408.0,88119060.0,242000000.0,0.03585292561983471
123,2020-10-27,9.46,9.52,9.34,9.35,8913577.0,89047861.0,242000000.0,0.03683296280991735
124,2020-10-28,9.42,9.57,9.14,9.52,11226350.0,111576315.0,242000000.0,0.04638987603305785
125,2020-10-29,9.32,9.41,9.28,9.34,7261620.0,72052818.0,242000000.0,0.030006694214876034
126,2020-10-30,9.34,9.36,9.08,9.1,8718400.0,85232631.0,242000000.0,0.036026446280991734
127,2020-11-02,9.12,9.16,8.82,8.9,7323111.0,69521951.0,242000000.0,0.030260789256198347
128,2020-11-03,8.94,9.46,8.91,9.42,15473496.0,152795614.0,242000000.0,0.06394006611570248
129,2020-11-04,9.37,9.37,9.21,9.26,9072382.0,89501483.0,242000000.0,0.03748918181818182
130,2020-11-05,9.32,9.39,9.17,9.29,8097712.0,79722428.0,242000000.0,0.03346161983471074
131,2020-11-06,9.29,9.53,9.28,9.38,11536034.0,115360158.0,242000000.0,0.047669561983471075
132,2020-11-09,9.59,9.99,9.46,9.92,21942918.0,226635443.0,242000000.0,0.09067321487603305
133,2020-11-10,9.98,10.41,9.81,10.22,34661128.0,371761903.0,242000000.0,0.14322780165289256
134,2020-11-11,10.17,11.24,10.06,10.96,67153911.0,773596279.0,242000000.0,0.2774955
135,2020-11-12,10.58,10.73,10.26,10.54,38773308.0,432441207.0,242000000.0,0.16022028099173555
136,2020-11-13,10.37,10.87,10.14,10.72,37399227.0,419862352.0,242000000.0,0.15454226033057852
137,2020-11-16,10.7,11.66,10.62,11.21,56211654.0,670753307.0,242000000.0,0.23227956198347108
138,2020-11-17,11.19,11.47,10.56,10.65,44260466.0,516313603.0,242000000.0,0.1828944876033058
139,2020-11-18,10.5,10.93,10.49,10.68,31345113.0,357128759.0,242000000.0,0.1295252603305785
140,2020-11-19,10.61,10.76,10.25,10.42,25282924.0,280283909.0,242000000.0,0.10447489256198347
141,2020-11-20,10.43,10.71,10.25,10.62,29877758.0,332669251.0,242000000.0,0.12346180991735538
142,2020-11-23,10.85,11.19,10.67,11.03,47347238.0,551638325.0,242000000.0,0.1956497438016529
143,2020-11-24,10.81,11.63,10.6,11.38,52774115.0,619090426.0,242000000.0,0.21807485537190083
144,2020-11-25,11.3,11.47,10.88,10.9,35859559.0,424513190.0,242000000.0,0.1481799958677686
145,2020-11-26,10.85,11.35,10.7,11.31,30926408.0,360936018.0,242000000.0,0.1277950743801653
146,2020-11-27,11.36,12.24,11.02,11.73,60339752.0,741966550.0,242000000.0,0.2493378181818182
147,2020-11-30,11.96,12.91,11.68,12.23,80552222.0,1056303179.0,242000000.0,0.3328604214876033
148,2020-12-01,11.79,12.29,11.66,12.14,51674269.0,656453481.0,242000000.0,0.21353003719008265
149,2020-12-02,11.94,12.48,11.87,11.97,46107063.0,593003298.0,242000000.0,0.19052505371900827
150,2020-12-03,11.6,11.7,11.04,11.05,45332499.0,543172499.0,242000000.0,0.18732437603305785
151,2020-12-04,10.9,11.19,10.85,11.17,23096200.0,271385827.0,242000000.0,0.0954388429752066
152,2020-12-07,11.11,11.21,10.73,10.73,21556451.0,250031225.0,242000000.0,0.0890762438016529
153,2020-12-08,10.73,10.89,10.6,10.8,15181464.0,173546764.0,242000000.0,0.06273332231404959
154,2020-12-09,10.8,11.18,10.73,11.0,22526815.0,262002552.0,242000000.0,0.09308601239669421
155,2020-12-10,10.74,11.17,10.65,11.16,19805822.0,229133859.0,242000000.0,0.08184223966942149
156,2020-12-11,11.48,11.57,10.93,10.95,28698496.0,342875059.0,242000000.0,0.11858882644628099
157,2020-12-14,10.64,10.7,10.08,10.39,21465200.0,237136560.0,242000000.0,0.08869917355371901
158,2020-12-15,10.22,10.32,9.91,10.07,18101854.0,194156849.0,242000000.0,0.07480104958677686
159,2020-12-16,10.09,10.24,9.93,9.95,12496300.0,133638362.0,242000000.0,0.051637603305785124
160,2020-12-17,9.95,10.44,9.72,10.41,25491345.0,274739412.0,242000000.0,0.10533613636363637
161,2020-12-18,10.35,10.81,10.32,10.57,26271398.0,295124152.0,242000000.0,0.1085594958677686
162,2020-12-21,10.47,10.75,10.45,10.62,20733599.0,233102649.0,242000000.0,0.08567602892561983
163,2020-12-22,10.4,10.41,9.76,9.79,25847698.0,277374884.0,242000000.0,0.1068086694214876
164,2020-12-23,9.8,10.01,9.64,9.83,16280100.0,169254040.0,242000000.0,0.06727314049586777
165,2020-12-24,9.83,9.93,9.57,9.59,14676695.0,151479805.0,242000000.0,0.0606475
166,2020-12-25,9.54,10.06,9.48,10.06,20229068.0,211284017.0,242000000.0,0.08359119008264462
167,2020-12-28,9.97,10.12,9.81,9.86,13424023.0,141684673.0,242000000.0,0.0554711694214876
168,2020-12-29,9.85,9.86,9.4,9.44,15403900.0,156390961.0,242000000.0,0.06365247933884298
169,2020-12-30,9.42,9.64,9.37,9.49,9905901.0,100217884.0,242000000.0,0.04093347520661157
170,2020-12-31,9.37,9.64,9.37,9.56,10115200.0,102453409.0,242000000.0,0.041798347107438016
171,2021-01-04,9.56,9.93,9.54,9.88,14694177.0,152778328.0,242000000.0,0.060719739669421485
172,2021-01-05,9.84,9.88,9.61,9.82,13646177.0,141180635.0,242000000.0,0.056389161157024796
173,2021-01-06,10.04,10.08,9.58,9.59,16465183.0,170995717.0,242000000.0,0.06803794628099173
174,2021-01-07,9.55,9.98,9.49,9.87,20157300.0,209497719.0,242000000.0,0.08329462809917355
175,2021-01-08,9.9,10.03,9.42,9.76,17242003.0,176976843.0,242000000.0,0.07124794628099174
176,2021-01-11,9.51,9.51,9.08,9.1,21038561.0,207336669.0,242000000.0,0.08693620247933884
177,2021-01-12,9.08,9.18,8.96,9.17,8136693.0,78493315.0,242000000.0,0.03362269834710744
178,2021-01-13,9.12,9.39,9.07,9.16,10351964.0,101294732.0,242000000.0,0.042776710743801655
179,2021-01-14,9.12,9.12,8.92,9.02,8251400.0,79010859.0,242000000.0,0.03409669421487603
180,2021-01-15,9.04,9.2,9.04,9.12,7053483.0,68343891.0,242000000.0,0.029146623966942148
181,2021-01-18,9.19,9.47,9.17,9.4,11608064.0,115347732.0,242000000.0,0.04796720661157025
182,2021-01-19,9.28,9.35,9.2,9.27,7960554.0,78309753.0,242000000.0,0.03289485123966942
183,2021-01-20,9.19,10.19,9.19,9.81,24669779.0,255636903.0,242000000.0,0.10194123553719009
184,2021-01-21,9.6,10.11,9.59,9.96,27589766.0,291381356.0,242000000.0,0.11400729752066116
185,2021-01-22,9.83,9.92,9.61,9.67,16107056.0,166496280.0,242000000.0,0.0665580826446281
186,2021-01-25,9.6,9.91,9.45,9.57,14312301.0,146813081.0,242000000.0,0.05914173966942149
187,2021-01-26,9.47,9.54,9.23,9.35,11194444.0,111120482.0,242000000.0,0.04625803305785124
188,2021-01-27,9.33,9.34,9.05,9.11,9111801.0,88425074.0,242000000.0,0.037652070247933885
189,2021-01-28,8.95,9.17,8.92,9.02,6799982.0,65395809.0,242000000.0,0.02809909917355372
190,2021-01-29,9.09,9.19,8.84,8.92,7334540.0,70105012.0,242000000.0,0.03030801652892562
191,2021-02-01,8.95,9.81,8.71,9.44,20572377.0,205376709.0,242000000.0,0.08500982231404959
192,2021-02-02,9.32,9.53,9.09,9.29,15437378.0,152318563.0,242000000.0,0.06379081818181818
193,2021-02-03,9.15,9.6,8.99,9.28,14496100.0,143687773.0,242000000.0,0.059901239669421485
194,2021-02-04,9.15,9.15,8.83,8.91,11222100.0,106715285.0,242000000.0,0.04637231404958678
195,2021-02-05,8.87,9.24,8.87,8.96,8134777.0,78029646.0,242000000.0,0.03361478099173554
196,2021-02-08,8.93,9.21,8.91,9.05,7311377.0,70463656.0,242000000.0,0.030212301652892563
197,2021-02-09,9.0,9.51,9.0,9.42,13411982.0,132639426.0,242000000.0,0.055421413223140495
198,2021-02-10,9.33,9.83,9.3,9.62,18800144.0,191241493.0,242000000.0,0.07768654545454545
199,2021-02-18,10.26,10.36,9.97,10.18,34232405.0,369322200.0,242000000.0,0.14145621900826447
200,2021-02-19,10.07,10.69,9.83,10.42,38115748.0,413070105.0,242000000.0,0.1575030909090909
201,2021-02-22,11.0,11.47,10.89,11.47,73150427.0,874781789.0,242000000.0,0.30227449173553717
202,2021-02-23,11.11,11.45,10.78,10.8,52355508.0,611402009.0,242000000.0,0.2163450743801653
203,2021-02-24,10.69,10.8,10.17,10.25,37306287.0,411913848.0,242000000.0,0.15415821074380165
204,2021-02-25,10.55,10.61,10.21,10.26,24635678.0,271688592.0,242000000.0,0.10180032231404959
205,2021-02-26,9.79,10.16,9.7,9.93,18873552.0,199154718.0,242000000.0,0.07798988429752066
206,2021-03-01,9.94,10.39,9.87,10.26,22137847.0,238046420.0,242000000.0,0.09147870661157025
207,2021-03-02,10.16,10.16,9.78,9.92,20580200.0,217285921.0,242000000.0,0.08504214876033057
208,2021-03-03,10.01,10.32,9.94,10.31,25035600.0,271133838.0,242000000.0,0.10345289256198346
209,2021-03-04,10.08,10.73,10.03,10.49,33536142.0,370941232.0,242000000.0,0.1385790991735537
210,2021-03-05,10.21,10.26,9.89,10.12,20631800.0,220796951.0,242000000.0,0.08525537190082645
211,2021-03-08,10.24,10.35,9.9,9.9,16726616.0,180673171.0,242000000.0,0.0691182479338843
212,2021-03-09,9.87,9.87,9.08,9.41,20042700.0,201410599.0,242000000.0,0.08282107438016528
213,2021-03-10,9.43,9.5,9.19,9.2,10973700.0,108448663.0,242000000.0,0.04534586776859504
214,2021-03-11,9.28,9.82,9.28,9.79,21323113.0,217169453.0,242000000.0,0.08811203719008265
215,2021-03-12,9.72,9.75,9.52,9.59,14427687.0,147308503.0,242000000.0,0.05961854132231405
216,2021-03-15,9.61,9.78,9.42,9.52,11653600.0,118850963.0,242000000.0,0.048155371900826444
217,2021-03-16,9.52,9.6,9.28,9.42,11137270.0,111369297.0,242000000.0,0.046021776859504135
218,2021-03-17,9.29,9.48,9.28,9.48,9486970.0,94587583.0,242000000.0,0.039202355371900824
219,2021-03-18,9.5,9.56,9.38,9.4,9212870.0,92350797.0,242000000.0,0.03806971074380165
220,2021-03-19,9.32,9.87,9.23,9.6,17631204.0,179608477.0,242000000.0,0.07285621487603305
221,2021-03-22,9.58,9.83,9.43,9.75,15570377.0,159962724.0,242000000.0,0.06434040082644628
222,2021-03-23,9.66,9.73,9.36,9.41,13812131.0,138576169.0,242000000.0,0.057074921487603306
223,2021-03-24,9.26,9.39,9.24,9.29,8699650.0,85723678.0,242000000.0,0.03594896694214876
224,2021-03-25,9.28,9.48,9.24,9.32,6897500.0,68645505.0,242000000.0,0.02850206611570248
225,2021-03-26,9.27,9.44,9.18,9.39,9130813.0,90365297.0,242000000.0,0.03773063223140496
226,2021-03-29,9.34,9.4,9.25,9.3,7026200.0,69474861.0,242000000.0,0.02903388429752066
227,2021-03-30,9.26,9.37,9.15,9.29,8758721.0,86168605.0,242000000.0,0.036193061983471074
228,2021-03-31,9.24,9.26,9.07,9.12,8470831.0,82196813.0,242000000.0,0.03500343388429752
229,2021-04-01,9.1,9.15,8.99,9.11,7448100.0,71672587.0,242000000.0,0.030777272727272726
230,2021-04-02,9.13,9.28,9.01,9.24,8433400.0,82090128.0,242000000.0,0.034848760330578515
231,2021-04-06,9.43,9.58,9.29,9.3,9220000.0,91814785.0,242000000.0,0.03809917355371901
232,2021-04-07,9.17,9.54,9.13,9.48,14374545.0,142827863.0,242000000.0,0.05939894628099174
233,2021-04-08,9.6,10.43,9.6,10.43,67419820.0,738898677.0,242000000.0,0.27859429752066117
234,2021-04-09,10.36,10.4,9.96,10.21,54702999.0,592325010.0,242000000.0,0.22604545041322313
235,2021-04-12,9.99,10.15,9.7,9.8,31042320.0,326782533.0,242000000.0,0.12827404958677685
236,2021-04-13,9.73,9.83,9.6,9.75,21015200.0,216263299.0,242000000.0,0.0868396694214876
237,2021-04-14,9.76,9.82,9.24,9.45,28154123.0,282615479.0,242000000.0,0.11633935123966942
238,2021-04-15,9.4,9.79,9.35,9.71,25540246.0,259996059.0,242000000.0,0.10553820661157025
239,2021-04-16,9.73,9.87,9.42,9.51,24164943.0,245242251.0,242000000.0,0.09985513636363637
240,2021-04-19,9.3,9.61,9.2,9.6,23477499.0,235029426.0,242000000.0,0.09701445867768595
241,2021-04-20,9.47,9.65,9.38,9.42,16767297.0,168621953.0,242000000.0,0.06928635123966942
242,2021-04-21,9.27,9.39,9.25,9.29,12836186.0,126922189.0,242000000.0,0.05304209090909091
243,2021-04-22,8.74,9.11,8.74,9.01,37304730.0,354652258.0,597449500.0,0.06243997191394419
244,2021-04-23,8.92,8.98,8.85,8.86,19507179.0,184111902.0,597449500.0,0.03265075793016815
245,2021-04-26,8.91,9.13,8.9,8.99,24951623.0,239316251.0,597449500.0,0.04176356830158867
246,2021-04-27,9.13,9.24,8.91,9.03,26078005.0,251442905.0,597449500.0,0.04364888580541117
247,2021-04-28,8.86,8.88,8.71,8.8,20950526.0,195623572.0,597449500.0,0.035066605629429766
248,2021-04-29,8.8,8.95,8.74,8.91,19849027.0,186344776.0,597449500.0,0.03322293683399183
249,2021-04-30,8.82,8.85,8.71,8.75,16834070.0,156625627.0,597449500.0,0.028176557181820387
250,2021-05-06,8.86,8.96,8.8,8.86,19414536.0,182934671.0,597449500.0,0.0324956937783026
251,2021-05-07,8.93,9.19,8.93,9.06,36185181.0,348482785.0,597449500.0,0.060566091360022896
252,2021-05-10,9.27,9.96,9.12,9.68,72893726.0,730365899.0,597449500.0,0.12200817977084255
253,2021-05-11,9.32,9.32,8.96,9.07,42208867.0,408633957.0,597449500.0,0.07064842635235279
254,2021-05-12,9.04,9.22,9.0,9.13,21950524.0,212360719.0,597449500.0,0.03674038391529326
255,2021-05-13,8.95,8.96,8.8,8.85,26841800.0,252877196.0,597449500.0,0.04492731184811436
256,2021-05-14,8.84,8.88,8.76,8.85,20205223.0,189337724.0,597449500.0,0.033819131156691905
257,2021-05-17,8.82,8.93,8.8,8.88,16713503.0,157123849.0,597449500.0,0.027974754351623023
258,2021-05-18,8.93,8.95,8.84,8.89,14682700.0,138588531.0,597449500.0,0.024575633589115062
259,2021-05-19,8.85,8.85,8.78,8.8,13972500.0,130515560.0,597449500.0,0.02338691387305538
260,2021-05-20,8.71,8.72,8.43,8.56,26212330.0,237242483.0,597449500.0,0.04387371652332122
261,2021-05-21,8.52,8.63,8.5,8.59,9925723.0,90443854.0,597449500.0,0.016613492855881543
262,2021-05-24,8.67,8.71,8.59,8.61,9414197.0,86112513.0,597449500.0,0.015757310032061288
263,2021-05-25,8.63,8.68,8.57,8.65,10357823.0,94833207.0,597449500.0,0.017336733899685246
264,2021-05-26,8.63,8.76,8.6,8.73,14377186.0,132611792.0,597449500.0,0.024064269867160322
265,2021-05-27,8.7,8.73,8.66,8.67,11666600.0,107561446.0,597449500.0,0.01952734080453662
266,2021-05-28,8.76,8.8,8.64,8.65,14924200.0,138330485.0,597449500.0,0.024979851853587625
267,2021-05-31,8.65,8.68,8.57,8.61,11290989.0,103280215.0,597449500.0,0.01889865001142356
268,2021-06-01,8.61,8.63,8.49,8.63,12796707.0,116329740.0,597449500.0,0.02141889314494363
269,2021-06-02,8.62,8.62,8.51,8.52,10777300.0,97867186.0,597449500.0,0.018038846797930202
270,2021-06-03,8.54,8.6,8.52,8.54,9103888.0,82754805.0,597449500.0,0.015237920527174263
271,2021-06-04,8.49,8.5,8.45,8.46,10730100.0,96486989.0,597449500.0,0.017959844304832457
272,2021-06-07,8.49,8.56,8.49,8.52,7234003.0,65428066.0,597449500.0,0.012108141357554069
273,2021-06-08,8.52,8.55,8.47,8.5,7823700.0,70621741.0,597449500.0,0.013095165365440928
274,2021-06-09,8.52,8.6,8.5,8.56,8492500.0,77067860.0,597449500.0,0.014214590521876744
275,2021-06-10,8.57,8.57,8.48,8.5,8549908.0,77217008.0,597449500.0,0.014310678977888508
276,2021-06-11,8.5,8.53,8.45,8.52,9092538.0,81954671.0,597449500.0,0.01521892310563487
277,2021-06-15,8.47,8.49,8.25,8.27,13282400.0,117304831.0,597449500.0,0.022231837167827572
278,2021-06-16,8.29,8.47,8.29,8.33,8468900.0,75278220.0,597449500.0,0.014175089275327873
279,2021-06-17,8.27,8.32,8.24,8.26,7392300.0,64938236.0,597449500.0,0.012373095968780626
280,2021-06-18,8.21,8.21,8.06,8.17,9800697.0,84528345.0,597449500.0,0.01640422663338073
281,2021-06-21,8.16,8.18,8.11,8.15,6627300.0,57276945.0,597449500.0,0.011092653019209154
282,2021-06-22,8.15,8.38,8.14,8.33,11297975.0,99141781.0,597449500.0,0.01891034304991468
283,2021-06-23,8.34,8.35,8.23,8.27,6826678.0,59210441.0,597449500.0,0.011426368253718516
284,2021-06-24,8.27,8.34,8.2,8.28,6892882.0,59799017.0,597449500.0,0.0115371792929779
285,2021-06-25,8.27,8.43,8.23,8.43,11151200.0,97974811.0,597449500.0,0.018664673750668468
286,2021-06-28,8.43,8.45,8.37,8.41,7087701.0,62506013.0,597449500.0,0.011863263757020468
287,2021-06-29,8.41,8.41,8.26,8.26,6240828.0,54362446.0,597449500.0,0.01044578328377545
288,2021-06-30,8.26,8.31,8.22,8.27,5888500.0,51028903.0,597449500.0,0.009856063148433465
289,2021-07-01,8.28,8.28,8.12,8.12,7373229.0,63375697.0,597449500.0,0.012341175279249543
290,2021-07-02,8.12,8.39,8.11,8.25,13182915.0,114687051.0,597449500.0,0.022065321002026114
291,2021-07-05,8.24,8.55,8.24,8.52,16887000.0,150183397.0,597449500.0,0.028265150443677667
292,2021-07-06,8.55,8.56,8.41,8.49,10586700.0,93983334.0,597449500.0,0.017719824018599062
293,2021-07-07,8.41,8.76,8.39,8.67,22644001.0,203690240.0,597449500.0,0.03790111298109715
294,2021-07-08,8.63,8.73,8.49,8.54,16159628.0,145670114.0,597449500.0,0.02704768854940878
295,2021-07-09,8.52,8.88,8.46,8.79,33800000.0,309641321.0,597449500.0,0.056573819209824426
296,2021-07-12,8.8,8.95,8.64,8.68,25281417.0,231978995.0,597449500.0,0.042315571441603014
297,2021-07-13,8.64,8.65,8.51,8.58,17962400.0,161593907.0,597449500.0,0.030065135212264803
298,2021-07-14,8.6,8.6,8.37,8.4,15794300.0,139938748.0,597449500.0,0.026436209252832247
299,2021-07-15,8.39,8.52,8.25,8.48,14291877.0,125747751.0,597449500.0,0.023921481229794317
300,2021-07-16,8.41,8.63,8.39,8.49,15785600.0,141487508.0,597449500.0,0.026421647352621435
301,2021-07-19,8.44,8.6,8.42,8.43,11859177.0,105723226.0,597449500.0,0.01984967265015704
302,2021-07-20,8.34,8.34,8.24,8.3,10787400.0,93738797.0,597449500.0,0.018055751992427812
303,2021-07-21,8.29,8.5,8.28,8.43,11650000.0,103003705.0,597449500.0,0.019499556029421734
304,2021-07-22,8.5,8.72,8.46,8.63,26817326.0,242231798.0,597449500.0,0.04488634771641787
305,2021-07-23,8.58,8.81,8.54,8.63,29147243.0,265625247.0,597449500.0,0.04878611999842664
306,2021-07-26,8.79,8.81,8.43,8.61,25474000.0,230812223.0,597449500.0,0.04263791332991324
307,2021-07-27,8.77,9.04,8.59,8.63,47230398.0,438322645.0,597449500.0,0.07905337271183589
308,2021-07-28,8.36,8.39,7.96,8.02,35132228.0,298365905.0,597449500.0,0.05880367796776129
309,2021-07-29,8.02,8.21,8.02,8.18,20155100.0,171958568.0,597449500.0,0.033735236199879656
310,2021-07-30,8.16,8.43,8.06,8.43,26394100.0,229941833.0,597449500.0,0.0441779598108292
311,2021-08-02,8.43,8.5,8.24,8.44,20955898.0,184132604.0,597449500.0,0.03507559718436454
312,2021-08-03,8.45,8.47,8.16,8.18,19217600.0,167036770.0,597449500.0,0.03216606591854207
313,2021-08-04,8.18,8.27,8.12,8.25,12040200.0,104023801.0,597449500.0,0.020152665622784855
314,2021-08-05,8.2,8.28,8.13,8.16,12416700.0,106737298.0,597449500.0,0.020782844407770028
315,2021-08-06,8.16,8.56,8.14,8.38,26996988.0,236466183.0,597449500.0,0.04518706267224259
316,2021-08-09,8.29,8.43,8.22,8.37,20481700.0,178710229.0,597449500.0,0.034281893281356834
317,2021-08-10,8.32,8.52,8.29,8.43,17896800.0,158399103.0,597449500.0,0.029955335137112005
318,2021-08-11,8.44,8.62,8.43,8.61,29223013.0,261839039.0,597449500.0,0.048912942432791394
319,2021-08-12,8.58,8.8,8.55,8.7,26260000.0,239753980.0,597449500.0,0.04395350569378667
320,2021-08-13,8.66,8.86,8.63,8.77,29751300.0,274052678.0,597449500.0,0.049797179510569514
321,2021-08-16,8.83,8.87,8.59,8.61,26105300.0,237616259.0,597449500.0,0.04369457167509555
322,2021-08-17,8.56,8.82,8.51,8.54,24761607.0,225126292.0,597449500.0,0.04144552301073145
323,2021-08-18,8.54,8.69,8.51,8.63,15957078.0,144165598.0,597449500.0,0.02670866407955819
324,2021-08-19,8.57,8.57,8.34,8.51,18225498.0,161497503.0,597449500.0,0.030505503812456116
325,2021-08-20,8.46,8.46,8.25,8.41,15411000.0,134841900.0,597449500.0,0.02579464875273977
326,2021-08-23,8.43,8.81,8.43,8.63,19164000.0,173911441.0,597449500.0,0.03207635122299039
327,2021-08-24,8.71,9.05,8.63,8.96,44904408.0,418751547.0,597449500.0,0.07516017337030159
328,2021-08-25,8.94,9.04,8.86,9.01,34858128.0,327616522.0,597449500.0,0.058344894422039016
329,2021-08-26,9.0,9.22,8.97,9.04,43324307.0,413184383.0,597449500.0,0.07251542933754233
330,2021-08-27,8.98,9.23,8.96,9.1,32945507.0,314036727.0,597449500.0,0.055143584520532696
331,2021-08-30,9.2,9.2,8.95,9.04,32849455.0,312146246.0,597449500.0,0.05498281444707879
332,2021-08-31,8.97,9.23,8.87,9.15,41643900.0,397278969.0,597449500.0,0.06970279496426057
333,2021-09-01,9.15,9.33,8.79,8.88,41211000.0,390548468.0,597449500.0,0.06897821489515013
334,2021-09-02,8.78,9.23,8.78,9.06,32453397.0,307598123.0,597449500.0,0.05431989984090706
335,2021-09-03,9.04,9.39,9.0,9.03,37294300.0,357696857.0,597449500.0,0.06242251437150755
336,2021-09-06,9.06,9.12,8.84,8.95,23556853.0,220990701.0,597449500.0,0.03942902789273403
337,2021-09-07,8.99,9.27,8.97,9.23,38434100.0,369890443.0,597449500.0,0.06433029067728736
338,2021-09-08,9.21,9.33,9.12,9.25,31949832.0,309592879.0,597449500.0,0.05347704199267051
339,2021-09-09,9.24,9.58,9.17,9.46,50420343.0,497205155.0,597449500.0,0.08439264406447741
340,2021-09-10,9.5,9.74,9.29,9.29,63833077.0,634591003.0,597449500.0,0.10684263188771603
341,2021-09-13,9.47,9.77,9.39,9.76,79004811.0,795628120.0,597449500.0,0.13223680160415233
342,2021-09-14,9.53,9.56,9.1,9.2,67644979.0,659786374.0,597449500.0,0.11322292344373876
343,2021-09-15,9.1,9.3,9.08,9.23,29016387.0,279792412.0,597449500.0,0.04856709562900295
344,2021-09-16,9.28,9.34,8.86,8.87,40095301.0,382148640.0,597449500.0,0.06711077840051753
345,2021-09-17,8.81,8.91,8.5,8.66,29581001.0,270152904.0,597449500.0,0.04951213617217857
346,2021-09-22,8.48,8.63,8.44,8.61,16859307.0,151068539.0,597449500.0,0.02821879840890318
347,2021-09-23,8.65,8.71,8.52,8.6,16472900.0,148758652.0,597449500.0,0.027572037469275647
348,2021-09-24,8.6,8.63,8.32,8.34,21061400.0,186693100.0,597449500.0,0.035252184494254324
349,2021-09-27,8.34,8.34,8.02,8.09,20393800.0,173820167.0,597449500.0,0.03413476787577862
350,2021-09-28,8.08,8.2,8.03,8.11,11457400.0,97529330.0,597449500.0,0.01917718568682374
351,2021-09-29,8.06,8.22,8.03,8.09,14129300.0,120473837.0,597449500.0,0.023649362833176694
352,2021-09-30,8.13,8.21,8.08,8.19,10495500.0,89684607.0,597452290.0,0.017567093097927537
353,2021-10-08,8.26,8.3,8.14,8.23,10266995.0,88562991.0,597452290.0,0.017184627411839026
354,2021-10-11,8.23,8.27,8.17,8.26,8045900.0,69483865.0,597452290.0,0.01346701675542996
355,2021-10-12,8.25,8.27,8.08,8.15,9614500.0,82250504.0,597452290.0,0.016092498365015893
356,2021-10-13,8.13,8.18,8.08,8.18,5865000.0,50000761.0,597452290.0,0.009816683437601352
357,2021-10-14,8.23,8.41,8.22,8.34,14161993.0,123481073.0,597452290.0,0.02370397308210167
358,2021-10-15,8.38,8.46,8.27,8.28,10501364.0,91940868.0,597452290.0,0.01757690810759132
359,2021-10-18,8.34,8.43,8.29,8.38,12058500.0,105929588.0,597452290.0,0.02018320157413741
360,2021-10-19,8.37,8.37,8.23,8.32,10317000.0,89827627.0,597452290.0,0.017268324471565753
361,2021-10-20,8.11,8.23,8.11,8.18,9467800.0,81234603.0,597452290.0,0.01584695574603957
362,2021-10-21,8.27,8.32,8.18,8.2,9095972.0,78618109.0,597452290.0,0.015224599775155268
363,2021-10-22,8.12,8.2,8.06,8.08,11369135.0,96616213.0,597452290.0,0.019029360486675848
364,2021-10-25,8.06,8.1,7.99,8.1,6623632.0,55985153.0,597452290.0,0.011086461816055639
365,2021-10-26,8.09,8.11,8.03,8.05,6790543.0,57482823.0,597452290.0,0.011365833077650435
366,2021-10-27,8.05,8.05,7.73,7.76,15385443.0,126545637.0,597452290.0,0.025751751658697298
367,2021-10-28,7.69,7.73,7.45,7.52,10915200.0,86531650.0,597452290.0,0.018269575968986578
368,2021-10-29,7.54,7.66,7.51,7.64,5226993.0,41673687.0,597452290.0,0.008748804025841127
369,2021-11-01,7.64,7.74,7.59,7.71,5204400.0,41975674.0,597452290.0,0.008710988453990192
370,2021-11-02,7.71,7.78,7.54,7.6,7353048.0,59057147.0,597452290.0,0.012307339218667987
371,2021-11-03,7.61,7.68,7.6,7.68,4591300.0,36848252.0,597452290.0,0.007684797726693792
372,2021-11-04,7.67,7.68,7.61,7.66,5513991.0,44236835.0,597452290.0,0.009229173763816354
373,2021-11-05,7.63,7.67,7.58,7.59,6422100.0,51288257.0,597452290.0,0.010749142831137194
374,2021-11-08,7.59,7.66,7.53,7.63,5033000.0,40233835.0,597452290.0,0.008424103621730197
375,2021-11-09,7.66,7.66,7.6,7.64,4813682.0,38536903.0,597452290.0,0.008057014895699873
376,2021-11-10,7.63,7.69,7.58,7.69,6240600.0,49908142.0,597452290.0,0.010445352883323955
377,2021-11-11,7.69,7.76,7.64,7.75,7074413.0,57352742.0,597452290.0,0.011840967251125609
378,2021-11-12,7.76,7.84,7.75,7.78,7326811.0,59865764.0,597452290.0,0.01226342441502735
379,2021-11-15,7.8,7.8,7.69,7.73,7414899.0,60073551.0,597452290.0,0.012410863803032707
380,2021-11-16,7.7,7.79,7.7,7.73,6784899.0,55131914.0,597452290.0,0.011356386298226424
381,2021-11-17,7.72,7.98,7.7,7.94,14569393.0,120185190.0,597452290.0,0.024385868535209732
382,2021-11-18,7.95,8.73,7.94,8.73,79332610.0,711120338.0,597452290.0,0.13278484546439684
383,2021-11-19,8.67,8.99,8.46,8.87,94120136.0,868954621.0,597452290.0,0.15753581930366356
384,2021-11-22,9.05,9.57,8.87,9.1,75744498.0,736826716.0,597452290.0,0.12677915754578495
385,2021-11-23,9.15,9.49,9.15,9.28,50046582.0,489209242.0,597452290.0,0.08376665858959215
386,2021-11-24,9.19,9.41,9.15,9.24,32382010.0,314819241.0,597452290.0,0.054200160484781136
387,2021-11-25,9.24,9.37,9.09,9.21,32208901.0,310829718.0,597452290.0,0.053910415173067626
388,2021-11-26,9.22,9.31,9.13,9.25,26181785.0,254073914.0,597452290.0,0.04382238621932472
389,2021-11-29,9.15,9.62,9.12,9.5,48803758.0,484754939.0,597452290.0,0.081686452319063
390,2021-11-30,9.49,9.68,9.34,9.42,32972548.0,327505120.0,597452290.0,0.055188587527214936
391,2021-12-01,9.39,9.41,9.2,9.35,21485039.0,209382998.0,597452290.0,0.035961095738707434
392,2021-12-02,9.32,9.48,9.05,9.16,22903026.0,220865987.0,597452290.0,0.03833448525237053
393,2021-12-03,9.22,9.24,9.04,9.13,15569792.0,149124932.0,597452290.0,0.026060310188115606
394,2021-12-06,9.09,9.22,8.96,9.01,18166207.0,172952467.0,597452290.0,0.030406121633578472
395,2021-12-07,9.06,9.08,8.74,8.82,18601443.0,172748445.0,597452290.0,0.031134608254660804
396,2021-12-08,8.83,8.9,8.7,8.78,15357267.0,141694622.0,597452290.0,0.0257045914076252
397,2021-12-09,8.78,8.83,8.59,8.61,23200122.0,210931983.0,597452290.0,0.03883175675835136
398,2021-12-10,8.61,8.69,8.53,8.63,23590250.0,213136307.0,597452290.0,0.039484742790089566
399,2021-12-13,8.62,8.63,8.5,8.54,17284376.0,155130032.0,597452290.0,0.028930135994624774
400,2021-12-14,8.54,8.59,8.42,8.43,17365500.0,154565525.0,597452290.0,0.029065919221767482
401,2021-12-15,8.43,8.63,8.43,8.52,30161444.0,271039941.0,597452290.0,0.05048343525472134
402,2021-12-16,8.53,8.63,8.43,8.63,21743400.0,195335167.0,597452290.0,0.03639353361588086
403,2021-12-17,8.63,8.65,8.48,8.49,19671800.0,176728828.0,597452290.0,0.032926143776267056
404,2021-12-20,8.44,8.48,8.24,8.34,20371025.0,178319614.0,597452290.0,0.03409648827356574
405,2021-12-21,8.38,8.4,8.29,8.4,10852300.0,94987052.0,597452290.0,0.018164295595887666
406,2021-12-22,8.39,8.42,8.29,8.31,12101493.0,105727446.0,597452290.0,0.02025516213185826
407,2021-12-23,8.37,8.47,8.31,8.38,15436000.0,136032966.0,597452290.0,0.025836372641571095
408,2021-12-24,8.38,8.41,8.15,8.18,15407458.0,133135312.0,597452290.0,0.02578859978928192
409,2021-12-27,8.15,8.22,8.1,8.18,7013253.0,60175493.0,597452290.0,0.011738599244468541
410,2021-12-28,8.24,8.24,8.1,8.14,10518664.0,89927823.0,597452290.0,0.01760586439462806
411,2021-12-29,8.15,8.22,8.1,8.12,10445118.0,89398530.0,597452290.0,0.01748276502547174
412,2021-12-30,8.14,8.25,8.14,8.22,11946240.0,102845420.0,597452290.0,0.01999530372542383
413,2021-12-31,8.21,8.26,8.17,8.24,9232759.0,79698146.0,597458056.0,0.01545340113381951
414,2022-01-04,8.25,8.34,8.23,8.31,11860550.0,103299561.0,597458056.0,0.019851686458806406
415,2022-01-05,8.31,8.34,8.13,8.21,15334393.0,132258964.0,597458056.0,0.025666057802725486
416,2022-01-06,8.21,8.28,8.17,8.22,9695350.0,83705511.0,597458056.0,0.016227666365251924
417,2022-01-07,8.22,8.3,8.17,8.18,10891414.0,94242141.0,597458056.0,0.018229587651589052
418,2022-01-10,8.18,8.23,8.15,8.22,7636583.0,65686824.0,597458056.0,0.01278178932112349
419,2022-01-11,8.23,8.35,8.22,8.32,11889400.0,103418498.0,597458056.0,0.019899974367405635
420,2022-01-12,8.37,8.45,8.34,8.41,16623899.0,146366649.0,597458056.0,0.02782437835267887
421,2022-01-13,8.45,8.53,8.33,8.35,19084800.0,168865677.0,597458056.0,0.0319433302611623
422,2022-01-14,8.32,8.33,8.17,8.19,13028293.0,112328015.0,597458056.0,0.021806205254348433
423,2022-01-17,8.13,8.25,8.12,8.24,9143400.0,78602750.0,597458056.0,0.01530383582274435
424,2022-01-18,8.23,8.24,8.16,8.22,9059557.0,77851358.0,597458056.0,0.015163502958942443
425,2022-01-19,8.2,8.22,8.1,8.14,8937034.0,76408337.0,597458056.0,0.014958429148706633
426,2022-01-20,8.14,8.21,7.95,7.95,13835300.0,117240988.0,597458056.0,0.02315693940529944
427,2022-01-21,7.95,8.0,7.86,7.97,7870500.0,65560695.0,597458056.0,0.013173309692555221
428,2022-01-24,7.89,7.99,7.87,7.95,5457514.0,45437528.0,597458056.0,0.009134555882530438
429,2022-01-25,7.93,7.94,7.62,7.62,11535505.0,93969747.0,597458056.0,0.01930763989899234
430,2022-01-26,7.68,7.74,7.65,7.71,5510550.0,44557014.0,597458056.0,0.009223325293985157
431,2022-01-27,7.71,7.73,7.59,7.61,7707009.0,61832344.0,597458056.0,0.012899665378350845
432,2022-01-28,7.62,7.68,7.53,7.64,7714982.0,61600314.0,597458056.0,0.012913010248203934
433,2022-02-07,7.72,7.84,7.69,7.8,6951575.0,56789550.0,597458056.0,0.011635251931392487
434,2022-02-08,7.8,7.92,7.78,7.92,7491595.0,61816020.0,597458056.0,0.012539114544971506
435,2022-02-09,7.92,8.09,7.89,8.06,10599784.0,89232634.0,597458056.0,0.017741469704109235
436,2022-02-10,8.11,8.29,8.02,8.09,15646047.0,133915177.0,597458056.0,0.026187691073664258
437,2022-02-11,8.04,8.16,7.98,8.02,8368167.0,70682557.0,597458056.0,0.014006283647801378
438,2022-02-14,7.99,8.0,7.85,7.93,8111141.0,67495582.0,597458056.0,0.013576084410518016
439,2022-02-15,7.96,8.04,7.9,8.03,6158908.0,51435248.0,597458056.0,0.010308519465339672
440,2022-02-16,8.09,8.23,8.06,8.22,15740450.0,134979222.0,597458056.0,0.02634569881839538
441,2022-02-17,8.24,8.25,8.15,8.19,10442280.0,89728191.0,597458056.0,0.01747784617703774
442,2022-02-18,8.15,8.25,8.11,8.23,10220917.0,87981398.0,597458056.0,0.017107338159316744
443,2022-02-21,8.24,8.25,8.17,8.21,7033066.0,60494631.0,597458056.0,0.01177164811716925
444,2022-02-22,8.17,8.22,8.1,8.19,9225131.0,79081974.0,597458056.0,0.015440633710360413
445,2022-02-23,8.19,8.24,8.15,8.23,7606600.0,65592602.0,597459265.0,0.012731579281810953
446,2022-02-24,8.22,8.26,7.91,8.02,13827001.0,117654182.0,597459265.0,0.023143002058893504
447,2022-02-25,8.1,8.31,8.07,8.18,12126800.0,104454082.0,597459265.0,0.020297283363745307
448,2022-02-28,8.25,8.27,8.1,8.21,7564785.0,65075108.0,597459265.0,0.012661591246727088
449,2022-03-01,8.23,8.25,8.14,8.2,6110075.0,52474511.0,597459265.0,0.010226764162741707
450,2022-03-02,8.2,8.31,8.16,8.26,9528592.0,82444806.0,597459265.0,0.0159485216117621
451,2022-03-03,8.34,8.53,8.31,8.36,20625600.0,181687484.0,597459265.0,0.03452218621130597
452,2022-03-04,8.29,8.46,8.22,8.31,15244735.0,132975047.0,597459265.0,0.0255159404047404
453,2022-03-07,8.39,8.39,8.13,8.18,14681550.0,127169041.0,597459265.0,0.02457330710236789
454,2022-03-08,8.14,8.17,7.73,7.83,17230215.0,142691270.0,597459265.0,0.02883914604621622
455,2022-03-09,7.84,7.86,7.36,7.64,14167733.0,113601014.0,597459265.0,0.023713303701131824
456,2022-03-10,7.74,7.82,7.63,7.68,9528100.0,77265987.0,597459265.0,0.015947698124657923
457,2022-03-11,7.6,7.74,7.41,7.72,8142525.0,64667765.0,597459265.0,0.013628586042598236
458,2022-03-14,7.69,7.69,7.48,7.49,6896525.0,54930793.0,597459265.0,0.011543088213721148
459,2022-03-15,7.65,7.7,7.32,7.33,15953100.0,125687577.0,597459265.0,0.026701569353016895
460,2022-03-16,7.41,7.51,7.16,7.48,14006500.0,108024089.0,597459265.0,0.023443439277822564
461,2022-03-17,7.53,7.63,7.5,7.55,11517722.0,91508721.0,597459265.0,0.0192778364563482
462,2022-03-18,7.48,7.62,7.43,7.59,7273108.0,57628959.0,597459265.0,0.012173395620536574
463,2022-03-21,7.59,7.62,7.53,7.61,7401500.0,58876806.0,597459265.0,0.01238829227964186
464,2022-03-22,7.61,7.64,7.52,7.6,5366370.0,42736303.0,597459265.0,0.008981984738323541
465,2022-03-23,7.61,7.62,7.54,7.58,5844300.0,46448277.0,597459265.0,0.009781922119828538
466,2022-03-24,7.55,7.61,7.51,7.54,5158610.0,40869584.0,597459265.0,0.008634245549778192
467,2022-03-25,7.51,7.58,7.46,7.48,5548975.0,43751305.0,597459265.0,0.009287620638036303
468,2022-03-28,7.43,7.53,7.29,7.43,6725122.0,52196154.0,597459265.0,0.01125620170941696
469,2022-03-29,7.46,7.47,7.34,7.37,5996654.0,46480472.0,597459265.0,0.010036925278914203
470,2022-03-30,7.38,7.47,7.36,7.47,5341582.0,41527375.0,597459265.0,0.008940495717310535
471,2022-03-31,7.47,7.47,7.41,7.43,5264814.0,41103542.0,597459730.0,0.008811998090649557
472,2022-04-01,7.41,7.45,7.35,7.43,5456938.0,42451351.0,597459730.0,0.009133566207047963
473,2022-04-06,7.42,7.56,7.4,7.56,6858100.0,53872898.0,597459730.0,0.011478765271761495
474,2022-04-07,7.53,7.56,7.44,7.44,5816200.0,45748357.0,597459730.0,0.009734882048033596
475,2022-04-08,7.44,7.59,7.38,7.55,7052800.0,55296197.0,597459730.0,0.011804644975821215
476,2022-04-11,7.51,7.58,7.26,7.3,7330600.0,56773587.0,597459730.0,0.012269613552029691
477,2022-04-12,7.3,7.4,7.21,7.4,5212126.0,39950861.0,597459730.0,0.008723811393949513
478,2022-04-13,7.39,7.59,7.35,7.49,9600018.0,75535027.0,597459730.0,0.016068058679034318
479,2022-04-14,7.49,7.57,7.45,7.53,6721268.0,53055786.0,597459730.0,0.011249742304807723
480,2022-04-15,7.48,7.55,7.41,7.45,6546800.0,51336039.0,597459730.0,0.010957725970920248
481,2022-04-18,7.42,7.44,7.27,7.41,4393693.0,33931692.0,597459730.0,0.007353956726087631
482,2022-04-19,7.41,7.53,7.41,7.51,5278568.0,41355206.0,597459730.0,0.008835018889055501
483,2022-04-20,7.53,7.54,7.29,7.31,9545284.0,74014721.0,597459730.0,0.01597644748374924
484,2022-04-21,7.31,7.32,7.13,7.13,10288300.0,78045809.0,597459730.0,0.017220072723562473
485,2022-04-22,7.12,7.12,6.92,6.99,8816175.0,64792449.0,597459730.0,0.01475609912654699
486,2022-04-25,6.9,6.9,6.53,6.54,12031375.0,84613957.0,597459730.0,0.02013754968891376
487,2022-04-26,6.54,6.6,6.39,6.42,6867205.0,46714739.0,597459730.0,0.01149400479259079
488,2022-04-27,6.33,6.58,6.13,6.56,12902888.0,85699503.0,597459730.0,0.02159624716464154
489,2022-04-28,6.48,6.49,6.27,6.31,7812900.0,52227043.0,597459730.0,0.01307686461144419
490,2022-04-29,6.42,6.54,6.36,6.52,6869793.0,46558922.0,597459730.0,0.011498336465287794
491,2022-05-05,6.48,6.7,6.45,6.59,6787938.0,46884688.0,597459730.0,0.01136133141559181
492,2022-05-06,6.46,6.53,6.4,6.47,5034178.0,34135402.0,597459730.0,0.008425970399712128
493,2022-05-09,6.4,6.61,6.4,6.57,5025764.0,34588472.0,597459730.0,0.008411887442187944
494,2022-05-10,6.5,6.68,6.44,6.68,5326613.0,36939212.0,597459730.0,0.00891543435069674
495,2022-05-11,6.68,6.81,6.65,6.67,7536479.0,53201602.0,597459730.0,0.012614204140587015
496,2022-05-12,6.62,6.69,6.59,6.64,4397700.0,30614781.0,597459730.0,0.0073606634542549
497,2022-05-13,6.66,6.68,6.6,6.65,3265564.0,22789861.0,597459730.0,0.005465747457154979
498,2022-05-16,6.7,6.74,6.67,6.72,4615633.0,32503794.0,597459730.0,0.007725429461162178
499,2022-05-17,6.72,6.76,6.62,6.74,4287233.0,30147016.0,597459730.0,0.007175768984463606
500,2022-05-18,6.74,6.8,6.71,6.77,3814000.0,27087744.0,597459730.0,0.0063836938432653865
501,2022-05-19,6.71,6.89,6.66,6.86,6950254.0,49612009.0,597459730.0,0.011633008303337867
502,2022-05-20,6.86,7.08,6.86,7.06,7024700.0,51498755.0,597459730.0,0.011757612517248653
503,2022-05-23,7.05,7.17,7.01,7.15,7014701.0,52334734.0,597459730.0,0.0117408766612605
504,2022-05-24,7.2,7.2,6.87,6.87,7975775.0,58863112.0,597459730.0,0.013349477127102776
505,2022-05-25,6.89,7.02,6.89,6.98,4751800.0,34722427.0,597459730.0,0.007953339382388165
506,2022-05-26,7.01,7.01,6.86,6.99,4269050.0,31123518.0,597459730.0,0.007145335134135317
507,2022-05-27,7.02,7.03,6.84,6.91,4511600.0,32782972.0,597459730.0,0.007551303918006323
508,2022-05-30,6.91,6.96,6.85,6.92,3289900.0,23811696.0,597459730.0,0.005506479909532983
509,2022-05-31,6.94,6.94,6.8,6.94,3830196.0,27666796.0,597459730.0,0.006410801946434114
510,2022-06-01,6.94,7.01,6.83,6.93,5842117.0,42413935.0,597459730.0,0.009778260703863673
511,2022-06-02,6.92,7.06,6.86,7.05,7238100.0,53163231.0,597459730.0,0.012114791401924277
512,2022-06-06,7.14,7.16,7.06,7.13,7214900.0,53862478.0,597460009.0,0.012075954693730807
513,2022-06-07,7.13,7.13,6.97,7.02,5549093.0,40927445.0,597460009.0,0.009287806575184515
514,2022-06-08,7.02,7.07,6.88,7.02,5568493.0,40836224.0,597460009.0,0.009320277367719183
515,2022-06-09,6.93,7.58,6.89,7.19,16470218.0,124152270.0,597460009.0,0.02756706348859577
516,2022-06-10,7.05,7.18,6.98,7.16,16194814.0,120615244.0,597460009.0,0.02710610543977011
517,2022-06-13,7.14,7.26,7.06,7.21,13326636.0,100299112.0,597460009.0,0.022305486223764978
518,2022-06-14,7.12,7.21,6.97,7.18,10085661.0,75226487.0,597460009.0,0.01688089721164919
519,2022-06-15,7.2,7.22,7.13,7.13,9859934.0,73161805.0,597460102.0,0.01650308358163806
520,2022-06-16,7.13,7.2,7.08,7.12,6693041.0,49413743.0,597460102.0,0.011202490304532502
521,2022-06-17,7.07,7.17,7.04,7.15,5542700.0,40840212.0,597460102.0,0.009277104833353374
522,2022-06-20,7.15,7.19,7.1,7.17,6150605.0,45442345.0,597460102.0,0.010294587001560147
523,2022-06-21,7.22,7.22,7.02,7.11,7382093.0,54226016.0,597460102.0,0.012355792420763186
524,2022-06-22,7.13,7.15,6.95,6.95,5202493.0,37825071.0,597460102.0,0.008707682709832229
525,2022-06-23,6.94,7.2,6.92,7.15,8244193.0,60539728.0,597460102.0,0.01379873396131814
526,2022-06-24,7.18,7.34,7.11,7.31,12909955.0,96825029.0,597460102.0,0.02160806212294993
527,2022-06-27,7.31,7.37,7.25,7.35,9793700.0,74220278.0,597460102.0,0.01639222429617568
528,2022-06-28,7.3,7.5,7.27,7.47,10850617.0,83299716.0,597460102.0,0.01816124116686205
529,2022-06-29,7.47,7.47,7.21,7.22,10582700.0,80103329.0,597460102.0,0.017712814570503322
530,2022-06-30,7.24,7.31,7.22,7.26,5860097.0,44066870.0,597460195.0,0.00980834714854937
531,2022-07-01,7.24,7.5,7.23,7.4,8118106.0,62112831.0,597460195.0,0.013587693486425485
532,2022-07-04,7.35,7.44,7.31,7.34,5091200.0,38746493.0,597460195.0,0.008521404509634319
533,2022-07-05,7.33,7.43,7.2,7.31,7611900.0,57664201.0,606523155.0,0.012550056724545
534,2022-07-06,7.31,7.32,7.16,7.16,6296800.0,46925565.0,606523155.0,0.010381796553175287
535,2022-07-07,7.18,7.69,7.18,7.61,23858208.0,185630924.0,606523155.0,0.039336021722039614
536,2022-07-08,7.56,7.71,7.48,7.54,11747974.0,91831545.0,606523155.0,0.019369374282173942
537,2022-07-11,7.54,7.54,7.37,7.42,7303900.0,56048753.0,606523155.0,0.012042244289915032
538,2022-07-12,7.39,7.42,7.23,7.26,7197100.0,54303138.0,606523155.0,0.01186615867946542
539,2022-07-13,7.21,7.29,7.18,7.25,7294100.0,54489069.0,606523155.0,0.012026086621540442
540,2022-07-14,7.23,7.47,7.2,7.34,7168900.0,54359437.0,606523155.0,0.011819664164346702
541,2022-07-15,7.36,7.46,7.22,7.24,6893000.0,52115082.0,606523155.0,0.011364776337351869
542,2022-07-18,7.24,7.44,7.24,7.43,7472082.0,57027895.0,606523155.0,0.012319532961606388
543,2022-07-19,7.52,7.74,7.51,7.66,19425747.0,153803925.0,606523155.0,0.03202803856680459
544,2022-07-20,7.73,7.74,7.55,7.7,11892267.0,94049352.0,606523155.0,0.019607276164089728
545,2022-07-21,7.75,7.86,7.64,7.64,14825800.0,118819007.0,606523155.0,0.024443914264081146
546,2022-07-22,7.74,7.74,7.47,7.56,9461700.0,74041633.0,606523155.0,0.015599899067332392
547,2022-07-25,7.55,7.66,7.46,7.49,6904893.0,53839055.0,606523155.0,0.011384384822043604
548,2022-07-26,7.5,7.65,7.45,7.64,6910000.0,54184953.0,606523155.0,0.01139280494575677
549,2022-07-27,7.64,7.82,7.61,7.77,14134392.0,113003758.0,606523155.0,0.02330396108290375
550,2022-07-28,7.81,7.92,7.74,7.82,13745936.0,111173312.0,606523155.0,0.02266349748840174
551,2022-07-29,7.84,7.96,7.8,7.86,12016810.0,97995421.0,606523155.0,0.019812615398005703
552,2022-08-01,7.93,8.16,7.89,8.11,20838844.0,172889158.0,606523155.0,0.0343578704756952
553,2022-08-02,7.95,8.35,7.84,8.11,35717792.0,300300694.0,606523155.0,0.058889412062100084
554,2022-08-03,8.08,8.28,7.79,7.85,29020014.0,242142639.0,606523155.0,0.04784650637122007
555,2022-08-04,7.85,8.02,7.74,7.88,16679846.0,135716141.0,606523155.0,0.02750075716400308
556,2022-08-05,7.97,8.03,7.76,7.92,11169200.0,90999647.0,606523155.0,0.018415125470354055
557,2022-08-08,7.89,7.97,7.81,7.93,8767814.0,71694632.0,606523155.0,0.014455860304294566
558,2022-08-09,7.95,8.12,7.86,7.94,10460900.0,86382788.0,606523155.0,0.017247321744872212
559,2022-08-10,7.9,7.98,7.79,7.83,9823100.0,79752645.0,606523155.0,0.016195754307187168
560,2022-08-11,7.86,8.06,7.83,8.03,12946200.0,106724649.0,606523155.0,0.021344939419501635
561,2022-08-12,8.07,8.12,7.99,8.0,10144200.0,84471359.0,606523155.0,0.016725165257705617
562,2022-08-15,8.0,8.06,7.93,8.0,7449100.0,61544707.0,606523155.0,0.012281641580526304
563,2022-08-16,7.99,8.17,7.97,8.04,8902900.0,74147624.0,606523155.0,0.01467858222164659
564,2022-08-17,8.04,8.09,7.93,8.0,9961209.0,82186055.0,606523155.0,0.01642346037061025
565,2022-08-18,7.96,8.16,7.94,8.14,15100247.0,126520784.0,606523341.0,0.024896398834550377
566,2022-08-19,8.17,8.22,8.05,8.12,13164798.0,110889458.0,606523341.0,0.021705344394981826
567,2022-08-22,8.16,8.24,8.0,8.24,11405700.0,96242480.0,606523341.0,0.0188050471086487
568,2022-08-23,8.2,8.26,8.14,8.25,7891736.0,66931909.0,606523341.0,0.013011430008593849
569,2022-08-24,8.25,8.26,7.98,8.02,11621998.0,97203318.0,606523341.0,0.01916166652521292
570,2022-08-25,8.03,8.07,7.76,7.94,9789498.0,79847663.0,606523341.0,0.016140348339867105
571,2022-08-26,7.92,8.03,7.86,7.88,6351492.0,52198362.0,606523341.0,0.010471966321243358
572,2022-08-29,7.83,7.86,7.75,7.81,6440299.0,51930004.0,606523341.0,0.010618386077906935
573,2022-08-30,7.81,7.95,7.78,7.84,5301015.0,42991431.0,606523341.0,0.008740001648180593
574,2022-08-31,7.83,7.88,7.45,7.45,12901295.0,101131392.0,606523527.0,0.02127088962865574
575,2022-09-01,7.45,7.51,7.33,7.39,6138200.0,47028968.0,606523527.0,0.010120299917071477
576,2022-09-02,7.44,7.47,7.35,7.46,3544300.0,27160544.0,606523527.0,0.005843631520002026
577,2022-09-05,7.46,7.51,7.4,7.47,3370900.0,25950609.0,606523527.0,0.005557739889618494
578,2022-09-06,7.47,7.55,7.46,7.53,3893300.0,30243558.0,606523527.0,0.006419042010220323
579,2022-09-07,7.53,7.61,7.47,7.58,4550690.0,35604663.0,606523527.0,0.0075029076324684765
580,2022-09-08,7.56,7.61,7.46,7.49,3721600.0,28884706.0,606523527.0,0.006135953238958198
581,2022-09-09,7.52,7.57,7.46,7.53,3165193.0,24636696.0,606523527.0,0.005218582394743609
582,2022-09-13,7.55,7.6,7.47,7.49,3823400.0,29757107.0,606523527.0,0.006303795038110698
583,2022-09-14,7.4,7.45,7.31,7.35,3842700.0,29299398.0,606523527.0,0.006335615732841968
584,2022-09-15,7.39,7.41,7.06,7.11,6965000.0,51726784.0,606523527.0,0.011483478694471154
585,2022-09-16,7.08,7.11,6.87,6.88,6568809.0,47330073.0,606523527.0,0.010830262483783255
586,2022-09-19,6.88,6.91,6.78,6.84,4172200.0,29580661.0,606523527.0,0.006878875780197064
587,2022-09-20,6.92,6.99,6.85,6.91,4753600.0,34021746.0,606523527.0,0.007837453599718318
588,2022-09-21,6.9,7.01,6.81,7.0,3452377.0,24760377.0,606523527.0,0.005692074332344902
589,2022-09-22,6.92,7.08,6.92,7.01,3026066.0,21995969.0,606523527.0,0.004989198052988306
590,2022-09-23,7.02,7.04,6.79,6.86,5357400.0,38235627.0,606523527.0,0.00883296321001576
591,2022-09-26,6.84,6.85,6.65,6.66,6876800.0,47811848.0,606523527.0,0.011338059768289912
592,2022-09-27,6.7,6.76,6.58,6.75,6709500.0,46259302.0,606523527.0,0.011062225455930252
593,2022-09-28,6.73,6.78,6.59,6.61,6704898.0,46250682.0,606523527.0,0.011054637951414538
594,2022-09-29,6.62,6.75,6.62,6.65,5160739.0,35658624.0,606523527.0,0.008508720223148079
595,2022-09-30,6.62,6.76,6.62,6.66,3835000.0,26549814.0,606523994.0,0.006322915561358649
596,2022-10-10,6.65,6.82,6.62,6.67,5226000.0,36374041.0,606523994.0,0.008616312053105684
597,2022-10-11,6.71,6.75,6.6,6.69,4977659.0,34297029.0,606523994.0,0.008206862464207805
598,2022-10-12,6.7,6.91,6.63,6.88,7104971.0,49667314.0,606523994.0,0.01171424555382058
599,2022-10-13,6.82,6.94,6.79,6.87,5877000.0,41846653.0,606523994.0,0.00968964139611598
600,2022-10-14,6.9,6.98,6.88,6.97,5376296.0,38617231.0,606523994.0,0.008864110988492897
601,2022-10-17,6.93,6.99,6.89,6.97,4489853.0,32286665.0,606523994.0,0.0074025974972393264
602,2022-10-18,6.97,7.0,6.93,6.93,3580100.0,25738466.0,606523994.0,0.005902651890800548
603,2022-10-19,6.93,7.01,6.89,6.9,3389800.0,24364303.0,606523994.0,0.005588896784848383
604,2022-10-20,6.89,6.92,6.79,6.85,4641500.0,32882425.0,606523994.0,0.007652623879542678
605,2022-10-21,6.86,6.91,6.8,6.82,3654500.0,25918482.0,606523994.0,0.006025318101430296
606,2022-10-24,6.82,6.96,6.73,6.78,5263791.0,37284872.0,606523994.0,0.008678619563400158
607,2022-10-25,6.74,6.83,6.62,6.83,5664300.0,39435130.0,606523994.0,0.009338954527823675
608,2022-10-26,6.79,6.96,6.79,6.9,5108091.0,36381731.0,606523994.0,0.008421910840348388
609,2022-10-27,6.88,6.98,6.87,6.9,6154044.0,44187108.0,606523994.0,0.010146414751730334
610,2022-10-28,6.87,6.92,6.6,6.62,8347400.0,58142434.0,606523994.0,0.013762687185628472
611,2022-10-31,6.44,6.45,6.29,6.34,12555825.0,82676941.0,606523994.0,0.020701283253766873
612,2022-11-01,6.35,6.55,6.29,6.55,9845629.0,65671019.0,606523994.0,0.01623287635344563
613,2022-11-02,6.58,6.65,6.54,6.61,5149647.0,35108246.0,606523994.0,0.008490425854446907
614,2022-11-03,6.55,6.68,6.51,6.64,4379359.0,30028554.0,606523994.0,0.007220421687060248
615,2022-11-04,6.65,6.85,6.58,6.83,6654740.0,46660941.0,606523994.0,0.010971931969438294
616,2022-11-07,6.92,7.08,6.88,6.93,11574050.0,83388744.0,606523994.0,0.019082592138968207
617,2022-11-08,6.91,6.96,6.82,6.9,5746100.0,40875209.0,606523994.0,0.009473821409940792
618,2022-11-09,6.9,6.97,6.85,6.87,4177500.0,29730699.0,606523994.0,0.006887608802496938
619,2022-11-10,6.79,6.86,6.78,6.79,4381100.0,30825224.0,606523994.0,0.00722329214233856
620,2022-11-11,6.92,6.96,6.83,6.87,6572000.0,46782247.0,606523994.0,0.010835515272294404
621,2022-11-14,6.87,6.91,6.78,6.82,6110782.0,43179183.0,606523994.0,0.010075086988232158
622,2022-11-15,6.82,6.87,6.74,6.87,4649279.0,32889747.0,606523994.0,0.007665449423258926
623,2022-11-16,6.87,6.89,6.83,6.85,4495300.0,31876653.0,606523994.0,0.007411578180697663
624,2022-11-17,6.85,6.86,6.79,6.85,3614573.0,25475796.0,606523994.0,0.0059594888837983875
625,2022-11-18,6.86,6.87,6.76,6.77,4273480.0,30090003.0,606523994.0,0.007045854809166874
626,2022-11-21,6.76,6.77,6.68,6.72,3949386.0,27393599.0,606523994.0,0.006511508265244326
627,2022-11-22,6.71,6.76,6.65,6.7,5538523.0,38381201.0,606523994.0,0.009131581033544405
628,2022-11-23,6.7,6.7,6.62,6.66,4550060.0,31354914.0,606523994.0,0.0075018631497041815
629,2022-11-24,6.68,6.75,6.66,6.7,5252511.0,36363234.0,606523994.0,0.008660021783078873
630,2022-11-25,6.66,6.72,6.65,6.67,3925955.0,27166121.0,606523994.0,0.006472876652592907
631,2022-11-28,6.68,6.74,6.58,6.73,6938703.0,47823943.0,606523994.0,0.011440112952893336
632,2022-11-29,6.72,6.88,6.69,6.85,9870400.0,69460337.0,606523994.0,0.016273717276879898
633,2022-11-30,6.83,6.91,6.82,6.84,4879400.0,34583390.0,606523994.0,0.008044858980467638
634,2022-12-01,6.88,6.9,6.84,6.87,4342120.0,30862462.0,606523994.0,0.007159024280909157
635,2022-12-02,6.89,6.89,6.83,6.85,4982200.0,35316622.0,606523994.0,0.008214349389778634
636,2022-12-05,6.87,6.96,6.85,6.93,8079300.0,57791512.0,606523994.0,0.01332066015511993
637,2022-12-06,6.93,6.96,6.87,6.94,6772700.0,48435040.0,606523994.0,0.011166417267904492
638,2022-12-07,6.91,6.94,6.87,6.88,4894800.0,34902697.0,606523994.0,0.008070249567076485
639,2022-12-08,6.87,6.93,6.86,6.89,4002163.0,28579913.0,606523994.0,0.006598523784040108
640,2022-12-09,6.91,7.07,6.88,7.02,13142494.0,95162973.0,606523994.0,0.02166854754306719
641,2022-12-12,7.05,7.05,6.78,6.83,11126534.0,79203610.0,606523994.0,0.018344754882030273
642,2022-12-13,6.84,6.9,6.8,6.86,4367050.0,30935538.0,606523994.0,0.007200127353906464
643,2022-12-14,6.85,6.89,6.84,6.85,3745360.0,26580548.0,606523994.0,0.006175122562422485
644,2022-12-15,6.85,6.87,6.79,6.8,3375593.0,23767510.0,606523994.0,0.005565473144332028
645,2022-12-16,6.78,6.84,6.74,6.76,4120190.0,28854173.0,606523994.0,0.006793119548045448
646,2022-12-19,6.77,6.81,6.56,6.58,4738000.0,32580188.0,606523994.0,0.00781172723069551
647,2022-12-20,6.56,6.61,6.5,6.55,4160379.0,28190316.0,606523994.0,0.006859380735397584
648,2022-12-21,6.58,6.58,6.45,6.51,4164399.0,27997237.0,606523994.0,0.006866008667746127
649,2022-12-22,6.53,6.54,6.37,6.4,4709052.0,31396507.0,606523994.0,0.007763999522828441
650,2022-12-23,6.37,6.47,6.35,6.4,2945500.0,19499938.0,606523994.0,0.004856361873789283
651,2022-12-26,6.39,6.47,6.39,6.46,2571380.0,17125878.0,606523994.0,0.004239535493133352
652,2022-12-27,6.49,6.54,6.46,6.52,3148765.0,21165916.0,606523994.0,0.005191492885935194
653,2022-12-28,6.52,6.57,6.49,6.5,3399800.0,22941869.0,606523994.0,0.005605384178750231
654,2022-12-29,6.48,6.61,6.46,6.58,5067200.0,34305352.0,606523994.0,0.008354492237944341
655,2022-12-30,6.53,6.61,6.53,6.54,2446000.0,16575819.0,606524087.0,0.004032815930029173
656,2023-01-03,6.55,6.62,6.51,6.59,3530700.0,23984994.0,606524087.0,0.005821203272344236
657,2023-01-04,6.59,6.64,6.57,6.58,2729700.0,18643042.0,606524087.0,0.004500563223303612
658,2023-01-05,6.58,6.61,6.56,6.59,2402220.0,16383605.0,606524087.0,0.0039606341305947175
659,2023-01-06,6.61,6.69,6.58,6.62,4707140.0,32255404.0,606524087.0,0.007760845943122453
660,2023-01-09,6.63,6.75,6.63,6.71,5930920.0,41104946.0,606524087.0,0.009778539924664195
661,2023-01-10,6.74,6.74,6.65,6.66,3649940.0,25219543.0,606524087.0,0.006017798927085314
662,2023-01-11,6.67,6.71,6.6,6.61,3175927.0,21856278.0,606524087.0,0.005236275142358856
663,2023-01-12,6.6,6.68,6.58,6.59,2989600.0,20459279.0,606524087.0,0.004929070525108428
664,2023-01-13,6.6,6.64,6.56,6.6,3461300.0,23603852.0,606524087.0,0.005706780776210129
665,2023-01-16,6.6,6.74,6.6,6.68,4474100.0,30932618.0,606524087.0,0.007376623774547638
666,2023-01-17,6.69,6.74,6.65,6.69,3559900.0,24652795.0,606524087.0,0.005869346455155704
667,2023-01-18,6.75,6.75,6.69,6.71,2784356.0,19335937.0,606524087.0,0.004590676709596201
668,2023-01-19,6.69,6.75,6.68,6.74,3098200.0,21531887.0,606524087.0,0.005108123595427794
669,2023-01-20,6.75,6.86,6.75,6.85,5226501.0,36878806.0,606524087.0,0.008617136750250777
670,2023-01-30,6.89,6.95,6.84,6.87,8401800.0,59750130.0,606524087.0,0.01385237648443136
671,2023-01-31,6.82,6.89,6.79,6.87,5170290.0,36667757.0,606524087.0,0.008524459474599564
672,2023-02-01,6.87,7.01,6.87,6.98,10038300.0,72257676.0,606524087.0,0.016550538082752187
673,2023-02-02,6.98,7.01,6.92,6.93,6749309.0,48522915.0,606524087.0,0.011127849898564704
674,2023-02-03,6.92,6.93,6.79,6.87,6988900.0,49471195.0,606524087.0,0.011522872957228491
675,2023-02-06,6.83,6.9,6.8,6.85,3930377.0,27838084.0,606524087.0,0.006480166384554485
676,2023-02-07,6.85,6.9,6.82,6.9,5533283.0,39197220.0,606524087.0,0.009122940240294199
677,2023-02-08,6.9,6.98,6.88,6.92,6266200.0,44904248.0,606524180.0,0.01033132759851388
678,2023-02-09,6.9,6.95,6.86,6.93,4703805.0,33650973.0,606524180.0,0.007755346208950812
679,2023-02-10,6.93,6.95,6.85,6.88,5661800.0,40429234.0,606524180.0,0.009334829816677713
680,2023-02-13,6.91,6.93,6.87,6.91,6054200.0,43240587.0,606524180.0,0.009981794954984318
681,2023-02-14,6.94,7.06,6.92,6.98,10290295.0,74451011.0,606524180.0,0.0169660095002313
682,2023-02-15,6.98,7.02,6.93,6.95,6597536.0,47608501.0,606524180.0,0.010877614145572893
683,2023-02-16,6.95,6.97,6.72,6.77,9805300.0,69484741.0,606524180.0,0.01616637938490762
684,2023-02-17,6.77,6.84,6.72,6.75,6550700.0,45889682.0,606524180.0,0.010800393811175014
685,2023-02-20,6.76,6.86,6.73,6.86,5410900.0,38069373.0,606524180.0,0.008921161230538245
686,2023-02-21,6.87,6.98,6.84,6.96,8477991.0,60861078.0,606524180.0,0.013977993424763378
687,2023-02-22,6.94,6.96,6.91,6.95,4783920.0,34333722.0,606524180.0,0.007887434924688411
688,2023-02-23,6.95,6.97,6.87,6.91,4649300.0,33237128.0,606524180.0,0.007665481696047138
689,2023-02-24,6.91,6.94,6.83,6.86,3470691.0,24654871.0,606524180.0,0.00572226320803896
690,2023-02-27,6.86,6.87,6.79,6.8,4265300.0,30148618.0,606524180.0,0.007032365964370951
691,2023-02-28,6.87,6.87,6.78,6.86,3765497.0,26564880.0,606524180.0,0.006208321323644508
692,2023-03-01,6.86,6.88,6.83,6.87,5030800.0,35711408.0,606524180.0,0.008294475580511893
693,2023-03-02,6.89,6.9,6.82,6.84,6780400.0,48040832.0,606524180.0,0.011179109132961525
694,2023-03-03,6.85,6.87,6.82,6.84,4735460.0,33459885.0,606524180.0,0.007807537038341983
695,2023-03-06,6.84,6.86,6.81,6.83,5690173.0,40196755.0,606524180.0,0.009381609485049715
696,2023-03-07,6.84,6.86,6.72,6.73,7308400.0,51355325.0,606524180.0,0.012049643264016283
697,2023-03-08,6.71,6.72,6.67,6.71,4596600.0,31824347.0,606524180.0,0.00757859315683012
698,2023-03-09,6.73,6.74,6.68,6.7,3227300.0,22380537.0,606524180.0,0.005320975002183754
699,2023-03-10,6.67,6.69,6.62,6.66,4665200.0,32082325.0,606524180.0,0.007691696644311856
700,2023-03-13,6.63,6.66,6.57,6.63,4741900.0,32395917.0,606524180.0,0.007818154916758637
701,2023-03-14,6.64,6.65,6.54,6.56,4806600.0,32775342.0,606524180.0,0.007924828322590536
702,2023-03-15,6.58,6.65,6.58,6.62,3813449.0,26115040.0,606524180.0,0.006287381650637572
703,2023-03-16,6.6,6.64,6.54,6.54,4610351.0,31362031.0,606524180.0,0.007601264965231889
704,2023-03-17,6.56,6.6,6.53,6.55,5373900.0,36480742.0,606524180.0,0.008860157891809028
705,2023-03-20,6.57,6.6,6.54,6.58,4086993.0,27759986.0,606524180.0,0.00673838428007932
706,2023-03-21,6.6,6.67,6.58,6.65,4555000.0,31289047.0,606524180.0,0.0075100056192318665
707,2023-03-22,6.66,6.71,6.63,6.67,3494869.0,24127833.0,606524180.0,0.005762126416790176
708,2023-03-23,6.66,6.7,6.65,6.68,3538875.0,24441805.0,606524180.0,0.0058346808201447135
709,2023-03-24,6.68,6.7,6.64,6.67,3956214.0,27272804.0,606524180.0,0.006522763857493695
710,2023-03-27,6.67,6.67,6.58,6.63,3855974.0,26382884.0,606524180.0,0.006357494271704057
711,2023-03-28,6.66,6.66,6.58,6.58,3000047.0,20531021.0,606524180.0,0.004946294144447794
712,2023-03-29,6.58,6.61,6.5,6.51,4311513.0,29143217.0,606524180.0,0.007108559134443741
713,2023-03-30,6.49,6.53,6.46,6.52,3716900.0,24935863.0,606524180.0,0.006128197560070894
714,2023-03-31,6.52,6.57,6.5,6.54,3104993.0,21000172.0,606524180.0,0.005119322695428235
715,2023-04-03,6.56,6.58,6.52,6.54,4618079.0,31231706.0,606524180.0,0.007614006419331873
716,2023-04-04,6.52,6.54,6.46,6.48,4673567.0,31343279.0,606524180.0,0.0077054916425590815
717,2023-04-06,6.45,6.47,6.41,6.43,4499025.0,29908614.0,606524180.0,0.00741771746016787
718,2023-04-07,6.44,6.46,6.41,6.46,3339391.0,22242849.0,606524180.0,0.005505783792494472
719,2023-04-10,6.46,6.47,6.4,6.41,4839274.0,32187070.0,606524180.0,0.007978699216905086
720,2023-04-11,6.4,6.52,6.36,6.51,6196800.0,41180650.0,606524180.0,0.010216905119924485
721,2023-04-12,6.51,6.57,6.5,6.51,5326996.0,35992507.0,606524180.0,0.008782825443166997
722,2023-04-13,6.5,6.55,6.45,6.48,4449800.0,29902219.0,606524180.0,0.007336558288574744
723,2023-04-14,6.52,6.58,6.49,6.56,5534400.0,37475536.0,606524273.0,0.009124779083655898
724,2023-04-17,6.57,6.59,6.51,6.59,6201000.0,42038739.0,606524273.0,0.010223828255592336
725,2023-04-18,6.59,6.6,6.57,6.58,3670300.0,24973058.0,606524273.0,0.00605136540017748
726,2023-04-19,6.58,6.6,6.54,6.58,4236900.0,28798174.0,606524273.0,0.006985540708937134
727,2023-04-20,6.59,6.59,6.46,6.47,4341500.0,29106818.0,606524273.0,0.007157998769820049
728,2023-04-21,6.49,6.49,6.36,6.36,5320100.0,35330348.0,606524273.0,0.008771454394868051
729,2023-04-24,6.35,6.5,6.31,6.4,5595044.0,36984753.0,1466043773.0,0.003816423563227399
730,2023-04-25,6.42,6.46,6.31,6.36,4843502.0,31920800.0,1466043773.0,0.003303790847996733
731,2023-04-26,6.36,6.65,6.32,6.53,7640841.0,51423614.0,1466043773.0,0.005211877803869639
732,2023-04-27,6.55,6.55,6.47,6.53,3658781.0,24608502.0,1466043773.0,0.002495683326366818
733,2023-04-28,6.52,6.65,6.52,6.56,5573893.0,37995070.0,1466043773.0,0.003801996299601622
734,2023-05-04,6.52,6.6,6.5,6.57,5983624.0,40514517.0,1466043773.0,0.0040814770405903835
735,2023-05-05,6.57,6.58,6.46,6.55,4955100.0,33395431.0,1466043773.0,0.00337991272242865
736,2023-05-08,6.57,6.61,6.54,6.55,5073081.0,34422725.0,1466043773.0,0.0034603884914151195
737,2023-05-09,6.55,6.58,6.48,6.51,6924900.0,46707982.0,1466043773.0,0.004723528811032302
738,2023-05-10,6.49,6.62,6.49,6.62,6752675.0,45833401.0,1466043773.0,0.00460605278257268
739,2023-05-11,6.61,6.62,6.54,6.55,4947783.0,33578311.0,1466043773.0,0.003374921739120541
740,2023-05-12,6.53,6.54,6.43,6.45,5692590.0,38052305.0,1466043773.0,0.003882960457825293
741,2023-05-15,6.42,6.49,6.41,6.48,3393529.0,22660514.0,1466043773.0,0.0023147528487882335
742,2023-05-16,6.47,6.5,6.44,6.46,3099529.0,20728887.0,1466043773.0,0.0021142131340712703
743,2023-05-17,6.43,6.48,6.43,6.46,2000100.0,13349259.0,1466043773.0,0.0013642839571612164
744,2023-05-18,6.47,6.48,6.43,6.45,2733748.0,18240407.0,1466043773.0,0.001864711034109075
745,2023-05-19,6.44,6.46,6.41,6.45,2421600.0,16123599.0,1466043773.0,0.0016517924257095154
746,2023-05-22,6.44,6.48,6.43,6.47,2669705.0,17820854.0,1466043773.0,0.0018210267995865633
747,2023-05-23,6.47,6.47,6.43,6.44,2419824.0,16125859.0,1466043773.0,0.0016505810021267353
748,2023-05-24,6.41,6.44,6.36,6.38,3521212.0,23292449.0,1466043773.0,0.0024018464283603624
749,2023-05-25,6.34,6.39,6.29,6.33,4543105.0,29741999.0,1466043773.0,0.003098887689214993
750,2023-05-26,6.32,6.39,6.29,6.37,3776700.0,24730271.0,1466043773.0,0.0025761168046651494
751,2023-05-29,6.38,6.4,6.33,6.34,2490200.0,16376459.0,1466043773.0,0.00169858502581014
752,2023-05-30,6.34,6.39,6.33,6.39,2966370.0,19496865.0,1466043773.0,0.0020233843317855695
753,2023-05-31,6.35,6.4,6.3,6.3,6653820.0,43494525.0,1466043773.0,0.004538623008768784
754,2023-06-01,6.33,6.33,6.27,6.29,6063105.0,39463187.0,1466043773.0,0.004135691656459156
755,2023-06-02,6.28,6.31,6.28,6.31,7523230.0,48980693.0,1466043773.0,0.005131654414796249
756,2023-06-05,6.31,6.31,6.27,6.29,3893501.0,25302699.0,1466043773.0,0.0026557876863612584
757,2023-06-06,6.28,6.29,6.19,6.19,4710800.0,30410402.0,1466043773.0,0.0032132737690090786
758,2023-06-07,6.19,6.23,6.19,6.2,2795051.0,17934208.0,1466043773.0,0.0019065262930590544
759,2023-06-08,6.21,6.22,6.16,6.18,2842995.0,18164970.0,1466043773.0,0.0019392292729311295
760,2023-06-09,6.18,6.21,6.15,6.16,2775953.0,17704436.0,1466043773.0,0.0018934993968969301
761,2023-06-12,6.16,6.25,6.15,6.22,3514824.0,22548613.0,1466043773.0,0.0023974891232664444
762,2023-06-13,6.25,6.25,6.2,6.23,2662019.0,17122421.0,1466043773.0,0.0018157841184732483
763,2023-06-14,6.27,6.27,6.23,6.25,3359500.0,21414440.0,1466043773.0,0.002291541399971555
764,2023-06-15,6.24,6.28,6.21,6.28,2893725.0,18438590.0,1466043773.0,0.0019738326053379035
765,2023-06-16,6.28,6.31,6.26,6.27,3486100.0,22351370.0,1466043773.0,0.002377896256717022
766,2023-06-19,6.28,6.28,6.23,6.23,3406300.0,21692362.0,1466043773.0,0.0023234640484367038
767,2023-06-20,6.23,6.23,6.18,6.19,3150620.0,19922244.0,1466043773.0,0.002149062707420265
768,2023-06-21,6.18,6.22,6.16,6.17,2758988.0,17404831.0,1466043773.0,0.0018819274368283136
769,2023-06-26,6.19,6.19,6.1,6.13,3351000.0,20986407.0,1466043773.0,0.0022857434830494657
770,2023-06-27,6.21,6.23,6.14,6.22,2521418.0,15941256.0,1466043773.0,0.0017198790693952902
771,2023-06-28,6.23,6.25,6.17,6.25,3034000.0,19215419.0,1466043773.0,0.002069515287249203
772,2023-06-29,6.25,6.28,6.23,6.25,2702862.0,17254771.0,1466043773.0,0.0018436434503378229
773,2023-06-30,6.25,6.39,6.25,6.36,6254800.0,40522736.0,1466043867.0,0.004266448051653013
774,2023-07-03,6.38,6.43,6.35,6.41,5537500.0,36168947.0,1466043867.0,0.003777172105587479
775,2023-07-04,6.41,6.47,6.39,6.43,4918072.0,32279510.0,1466043867.0,0.003354655417006018
776,2023-07-05,6.45,6.54,6.42,6.51,7220250.0,47870462.0,1466043867.0,0.004924989055596929
777,2023-07-06,6.54,6.54,6.45,6.53,7198228.0,47779451.0,1466043867.0,0.004909967676976749
778,2023-07-07,6.5,6.56,6.45,6.54,5017700.0,33295553.0,1466043867.0,0.0034226124558386084
779,2023-07-10,6.53,6.6,6.49,6.52,5093290.0,33941246.0,1466043867.0,0.0034741729866668443
780,2023-07-11,6.55,6.56,6.5,6.55,3855100.0,25698035.0,1466043867.0,0.002629593893318337
781,2023-07-12,6.57,6.57,6.51,6.53,4149760.0,27684061.0,1466043867.0,0.002830583786344505
782,2023-07-13,6.53,6.6,6.52,6.57,4417901.0,29655760.0,1466043867.0,0.00301348486184145
783,2023-07-14,6.6,6.64,6.54,6.57,4444311.0,29935190.0,1466043867.0,0.003031499329617263
784,2023-07-17,6.57,6.62,6.49,6.57,4159997.0,27880997.0,1466043867.0,0.0028375665241945998
785,2023-07-18,6.57,6.6,6.55,6.59,4373087.0,29329032.0,1466043867.0,0.0029829168815724122
786,2023-07-19,6.58,6.64,6.57,6.62,3230301.0,21774965.0,1466043867.0,0.002203413603584892
787,2023-07-20,6.64,6.66,6.55,6.58,4744800.0,31910183.0,1466043867.0,0.0032364652291813037
788,2023-07-21,6.59,6.61,6.56,6.59,2571200.0,17261770.0,1466043867.0,0.0017538356510856028
789,2023-07-24,6.6,6.61,6.54,6.6,3432800.0,23062009.0,1466043867.0,0.002341539756940984
790,2023-07-25,6.61,6.64,6.6,6.62,4461099.0,30107911.0,1466043867.0,0.0030429505558580944
791,2023-07-26,6.62,6.65,6.59,6.64,6760999.0,45640143.0,1466043867.0,0.004611730352813515
792,2023-07-27,6.63,6.66,6.6,6.64,12333870.0,83526656.0,1466043867.0,0.008413029294436521
793,2023-07-28,6.4,6.54,6.38,6.5,15967554.0,105340376.0,1466043867.0,0.010891593600589033
794,2023-07-31,6.5,6.65,6.48,6.58,10164818.0,68345710.0,1466043867.0,0.006933501942749166
795,2023-08-01,6.59,6.69,6.59,6.68,10348105.0,70190104.0,1466043867.0,0.007058523440485837
796,2023-08-02,6.72,6.73,6.62,6.7,6839169.0,46530880.0,1466043867.0,0.004665050721841736
797,2023-08-03,6.67,6.68,6.59,6.61,5305500.0,35789753.0,1466043867.0,0.0036189230891547396
798,2023-08-04,6.64,6.7,6.6,6.63,5497928.0,37208418.0,1466043867.0,0.0037501797345604257
799,2023-08-07,6.64,6.65,6.55,6.59,5073300.0,34065133.0,1466043867.0,0.0034605376511561096
800,2023-08-08,6.58,6.63,6.53,6.61,4032950.0,27055640.0,1466043867.0,0.0027509067707862794
801,2023-08-09,6.58,6.6,6.47,6.5,6410100.0,42596590.0,1466043867.0,0.004372379397566826
802,2023-08-10,6.47,6.53,6.46,6.49,2959300.0,19588424.0,1466043867.0,0.0020185616996957157
803,2023-08-11,6.49,6.52,6.39,6.4,4061500.0,26709296.0,1466043867.0,0.002770380949317119
804,2023-08-14,6.38,6.44,6.32,6.4,5353771.0,34803104.0,1466043867.0,0.003651849116190191
805,2023-08-15,6.43,6.43,6.28,6.34,4614100.0,29839811.0,1466043867.0,0.0031473137358719976
806,2023-08-16,6.3,6.36,6.29,6.31,3023800.0,19539145.0,1466043867.0,0.0020625576546953353
807,2023-08-17,6.28,6.38,6.25,6.37,3668320.0,23658256.0,1466043867.0,0.0025021897929333927
808,2023-08-18,6.35,6.38,6.3,6.3,3487979.0,22568782.0,1466043867.0,0.002379177784862286
809,2023-08-21,6.3,6.37,6.25,6.26,3526980.0,22708776.0,1466043867.0,0.0024057806723187226
810,2023-08-22,6.36,6.51,6.33,6.44,11948825.0,78313762.0,1466043867.0,0.008150387085245382
811,2023-08-23,6.45,6.45,6.25,6.26,7610032.0,49165175.0,1466043867.0,0.0051908624095761795
812,2023-08-24,6.25,6.37,6.25,6.33,5440132.0,35063675.0,1466043867.0,0.003710756630449449
813,2023-08-25,6.34,6.35,6.23,6.27,4402250.0,28216189.0,1466043867.0,0.003002809192202705
814,2023-08-28,6.53,6.53,6.34,6.36,14109675.0,92952895.0,1472386605.0,0.009582860202670752
815,2023-08-29,6.32,6.48,6.32,6.46,7786800.0,51001288.0,1472386605.0,0.005288556669530419
816,2023-08-30,6.45,6.54,6.43,6.45,6203349.0,41053244.0,1472386605.0,0.0042131251255168815
817,2023-08-31,6.46,6.5,6.38,6.4,5125600.0,33555695.0,1472386605.0,0.0034811509304650324
818,2023-09-01,6.44,6.57,6.4,6.54,9700020.0,64529963.0,1472386605.0,0.006587957243743059
819,2023-09-04,6.56,6.64,6.52,6.63,8502709.0,57263163.0,1472386605.0,0.005774780190967575
820,2023-09-05,6.61,6.64,6.56,6.63,6888700.0,46374173.0,1472386605.0,0.004678594586915575
821,2023-09-06,6.61,6.64,6.57,6.6,5380800.0,36273878.0,1472386605.0,0.003654474973982801
822,2023-09-07,6.62,6.64,6.54,6.54,6393013.0,42896035.0,1472386605.0,0.00434193911999084
823,2023-09-08,6.51,6.59,6.5,6.51,4446300.0,29633972.0,1472386605.0,0.0030197911234053913
824,2023-09-11,6.52,6.65,6.5,6.61,7260100.0,48913723.0,1472386605.0,0.004930838120467688
825,2023-09-12,6.61,6.65,6.57,6.59,4756300.0,32063566.0,1472386605.0,0.003230333652756913
826,2023-09-13,6.58,6.64,6.56,6.59,5181700.0,34860990.0,1472386605.0,0.0035192523365831624
827,2023-09-14,6.63,6.63,6.56,6.59,4535400.0,30493917.0,1472386605.0,0.0030803051213577157
828,2023-09-15,6.64,6.67,6.61,6.65,6096084.0,41276740.0,1472386605.0,0.004140274014514007
829,2023-09-18,6.63,6.67,6.54,6.66,5752400.0,38882078.0,1472386605.0,0.0039068543414248185
830,2023-09-19,6.62,6.65,6.61,6.64,4264567.0,28836040.0,1472386605.0,0.002896363621835584
831,2023-09-20,6.62,6.67,6.61,6.61,4345169.0,29414354.0,1472386605.0,0.0029511060378058793
832,2023-09-21,6.64,6.64,6.57,6.57,3995700.0,26871104.0,1472386605.0,0.0027137573694512116
833,2023-09-22,6.57,6.61,6.53,6.6,5218377.0,34996190.0,1472386605.0,0.0035441622344832458
834,2023-09-25,6.58,6.62,6.56,6.57,4296700.0,28860802.0,1472386605.0,0.002918187373757044
835,2023-09-26,6.56,6.57,6.48,6.48,5859900.0,38913049.0,1472386605.0,0.00397986505724833
836,2023-09-27,6.47,6.53,6.44,6.47,3892662.0,25753707.0,1472386605.0,0.002643777107711463
837,2023-09-28,6.47,6.57,6.47,6.54,4756100.0,31650899.0,1472386605.0,0.0032301978188670087
838,2023-10-09,6.51,6.59,6.48,6.56,4761700.0,31763753.0,1472386605.0,0.0032340011677843266
839,2023-10-10,6.55,6.64,6.55,6.61,5760569.0,38806607.0,1472386605.0,0.003912402476657956
840,2023-10-11,6.57,6.62,6.53,6.54,4481000.0,30006599.0,1472386605.0,0.0030433583033037713
841,2023-10-12,6.54,6.71,6.53,6.69,8607693.0,58274463.0,1472386605.0,0.005846082116456092
842,2023-10-13,6.65,6.7,6.61,6.69,6804300.0,46221157.0,1472386605.0,0.004621272685375999
843,2023-10-16,6.69,6.75,6.63,6.69,9188500.0,62685425.0,1472386605.0,0.006240548486924058
844,2023-10-17,6.69,6.69,6.59,6.61,5040900.0,34044881.0,1472386605.0,0.0034236252780906005
845,2023-10-18,6.63,6.63,6.49,6.49,4068700.0,27140382.0,1472386605.0,0.002763336739266247
846,2023-10-19,6.49,6.6,6.48,6.54,9824100.0,65696264.0,1472386605.0,0.006672228589039629
847,2023-10-20,6.48,6.52,6.39,6.42,7719065.0,50823243.0,1472386605.0,0.005242553126867111
848,2023-10-23,6.4,6.42,6.18,6.22,7081600.0,45353860.0,1472386605.0,0.004809606373728182
849,2023-10-24,6.21,6.31,6.19,6.29,6127913.0,39055149.0,1472386605.0,0.004161891298922813
850,2023-10-25,6.33,6.55,6.32,6.47,8598813.0,56913565.0,1472386605.0,0.005840051091744345
851,2023-10-26,6.49,6.57,6.45,6.56,6967700.0,46439698.0,1472386605.0,0.0047322489734277365
852,2023-10-27,6.53,6.68,6.53,6.64,7351580.0,49787831.0,1472386605.0,0.004992968541709873
853,2023-10-30,6.65,6.73,6.64,6.71,9832884.0,67249200.0,1472386605.0,0.006678194413484222
854,2023-10-31,6.73,6.76,6.69,6.73,7876800.0,54012342.0,1472386605.0,0.005349681919987312
855,2023-11-01,6.74,6.8,6.7,6.78,7500350.0,51766675.0,1472386605.0,0.005094008580715117
856,2023-11-02,6.73,6.83,6.73,6.76,8488600.0,58796863.0,1472386605.0,0.005765197789204283
857,2023-11-03,6.76,6.78,6.7,6.72,7472393.0,51281426.0,1472386605.0,0.005075021040414858
858,2023-11-06,6.79,6.82,6.7,6.71,10986855.0,75548206.0,1472386605.0,0.0074619362623174635
859,2023-11-07,6.72,6.75,6.64,6.72,6520700.0,44570945.0,1472386605.0,0.004428660229491833
860,2023-11-08,6.7,6.76,6.64,6.67,5815000.0,39680514.0,1472386605.0,0.003949370348964836
861,2023-11-09,6.64,6.73,6.62,6.62,6409705.0,43582868.0,1472386605.0,0.004353275816442245
862,2023-11-10,6.6,6.69,6.59,6.61,7797508.0,52717427.0,1472386605.0,0.00529582921599589
863,2023-11-13,6.61,6.63,6.51,6.56,8488500.0,56695173.0,1472386605.0,0.005765129872259331
864,2023-11-14,6.56,6.6,6.54,6.59,5292800.0,35471637.0,1472386605.0,0.00359470806242495
865,2023-11-15,6.62,6.71,6.62,6.71,5712300.0,38928496.0,1472386605.0,0.0038796196464990253
866,2023-11-16,6.7,6.72,6.66,6.67,4088097.0,27846337.0,1472386605.0,0.002776510589078607
867,2023-11-17,6.66,6.78,6.65,6.77,6289600.0,43166988.0,1472386605.0,0.004271704169707521
868,2023-11-20,6.77,6.89,6.76,6.81,10794200.0,75190862.0,1472386605.0,0.0073310908720199885
869,2023-11-21,6.82,6.87,6.76,6.83,6867490.0,47911108.0,1472386605.0,0.004664189402891233
870,2023-11-22,6.79,6.83,6.73,6.73,5556800.0,38427228.0,1472386605.0,0.003774008797098504
871,2023-11-23,6.72,6.82,6.72,6.81,5074390.0,35051364.0,1472386605.0,0.00344637066295506
872,2023-11-24,6.78,6.85,6.76,6.8,5269750.0,36567462.0,1472386605.0,0.0035790532066134898
873,2023-11-27,6.79,6.82,6.73,6.79,6175563.0,42695580.0,1472386605.0,0.00419425372319249
874,2023-11-28,6.8,6.83,6.76,6.82,4924800.0,34145658.0,1472386605.0,0.0033447737050012077
875,2023-11-29,6.83,6.88,6.78,6.79,6798350.0,47396870.0,1472386605.0,0.0046172316271513485
876,2023-11-30,6.77,6.8,6.71,6.76,5998500.0,41343862.0,1472386605.0,0.004073997942951947
877,2023-12-01,6.74,6.78,6.71,6.73,5670568.0,38910109.0,1472386605.0,0.0038512765470316134
878,2023-12-04,6.73,6.81,6.73,6.76,6198550.0,42797877.0,1472386605.0,0.00420986579132863
879,2023-12-05,6.73,6.74,6.62,6.64,5795650.0,39426475.0,1472386605.0,0.003936228420116604
880,2023-12-06,6.61,6.75,6.61,6.7,6141482.0,42016915.0,1472386605.0,0.004171106949183364
881,2023-12-07,6.74,6.75,6.59,6.64,5744800.0,38864472.0,1472386605.0,0.003901692653608459
882,2023-12-08,6.65,6.71,6.6,6.61,6183634.0,41902717.0,1472386605.0,0.004199735299819574
883,2023-12-11,6.57,6.67,6.47,6.65,7003300.0,46968848.0,1472386605.0,0.004756427405830686
884,2023-12-12,6.64,6.64,6.56,6.6,4345500.0,29248008.0,1472386605.0,0.0029513308428936705
885,2023-12-13,6.58,6.63,6.56,6.56,3545400.0,23862576.0,1472386605.0,0.0024079273663318882
886,2023-12-14,6.59,6.63,6.52,6.53,5373400.0,36032815.0,1472386605.0,0.0036494491200563454
887,2023-12-15,6.55,6.63,6.5,6.51,5571800.0,37199195.0,1472386605.0,0.0037841963388413197
888,2023-12-18,6.48,6.53,6.38,6.41,5646500.0,37077689.0,1472386605.0,0.003834930296720541
889,2023-12-19,6.4,6.42,6.33,6.39,5739800.0,37350762.0,1472386605.0,0.003898296806360854
890,2023-12-20,6.39,6.46,6.35,6.35,4084493.0,26698637.0,1472386605.0,0.002774062862382533
891,2023-12-21,6.33,6.41,6.27,6.4,5749350.0,37218403.0,1472386605.0,0.00390478287460378
892,2023-12-22,6.41,6.49,6.31,6.44,7250800.0,47488033.0,1472386605.0,0.004924521844587142
893,2023-12-25,6.39,6.45,6.34,6.43,5967401.0,38914970.0,1472386605.0,0.004052876452241292
894,2023-12-26,6.4,6.47,6.34,6.36,4894200.0,31918860.0,1472386605.0,0.0033239911198458642
895,2023-12-27,6.35,6.45,6.33,6.42,4618084.0,30118597.0,1472386605.0,0.0031364615681219133
896,2023-12-28,6.46,6.57,6.4,6.54,6361100.0,42309225.0,1472386605.0,0.004320264785348275
897,2023-12-29,6.56,6.64,6.51,6.64,6215610.0,41731806.0,1472386605.0,0.004221452422137459
898,2024-01-02,6.64,6.75,6.61,6.72,9976900.0,68290194.0,1472386605.0,0.006776005680926444
899,2024-01-03,6.73,6.76,6.68,6.72,9641576.0,66174183.0,1472386605.0,0.006548263864435251
900,2024-01-04,6.73,6.74,6.67,6.72,6118300.0,41839818.0,1472386605.0,0.004155362443004566
901,2024-01-05,6.73,6.75,6.64,6.67,6968600.0,47651838.0,1472386605.0,0.004732860225932305
902,2024-01-08,6.67,6.68,6.52,6.53,6558800.0,44041197.0,1472386605.0,0.0044545365855185835
903,2024-01-09,6.54,6.61,6.49,6.58,5278590.0,35272291.0,1472386605.0,0.003585057064547256
904,2024-01-10,6.58,6.63,6.51,6.51,4732200.0,31643843.0,1472386605.0,0.003213965669023456
905,2024-01-11,6.51,6.61,6.5,6.58,4825900.0,32273023.0,1472386605.0,0.003277603846443577
906,2024-01-12,6.57,6.66,6.56,6.57,4123500.0,27808842.0,1472386605.0,0.0028005552251
907,2024-01-15,6.57,6.59,6.52,6.54,5172900.0,34578589.0,1472386605.0,0.0035132756454273775
908,2024-01-16,6.53,6.62,6.42,6.51,5480401.0,36319044.0,1472386605.0,0.003722120930324546
909,2024-01-17,6.49,6.53,6.35,6.36,4914600.0,32295494.0,1472386605.0,0.0033378461766160935
910,2024-01-18,6.37,6.38,6.01,6.14,14943600.0,93572961.0,1472386605.0,0.010149236585862583
911,2024-01-19,6.14,6.18,6.06,6.09,8280665.0,51632382.0,1472386605.0,0.005623974689718126
912,2024-01-22,6.04,6.11,5.63,5.65,14282133.0,85158490.0,1472386605.0,0.009699988407596252
913,2024-01-23,5.62,5.71,5.46,5.68,11717726.0,67050528.0,1472386605.0,0.007958321517058354
914,2024-01-24,5.72,5.78,5.53,5.78,9172094.0,53121626.0,1472386605.0,0.006229406032935215
915,2024-01-25,5.79,6.06,5.78,6.04,8831100.0,53448247.0,1472386605.0,0.005997813325665239
916,2024-01-26,6.04,6.16,6.01,6.12,6911582.0,43072892.0,1472386605.0,0.0046941353422595145
917,2024-01-29,6.12,6.16,5.96,6.01,6717127.0,41478257.0,1472386605.0,0.004562067446952901
918,2024-01-30,5.99,6.04,5.82,5.86,6482900.0,39322522.0,1472386605.0,0.004402987624299937
919,2024-01-31,5.76,5.89,5.62,5.63,8711553.0,50804538.0,1472386605.0,0.005916620655483347
920,2024-02-01,5.54,5.65,5.39,5.52,11594646.0,65371924.0,1472386605.0,0.007874729341211304
921,2024-02-02,5.53,5.61,5.08,5.24,12168500.0,66475530.0,1472386605.0,0.00826447344649675
922,2024-02-05,5.18,5.18,4.73,4.83,18442854.0,92178677.0,1472386605.0,0.012525822998776874
923,2024-02-06,4.73,5.2,4.66,5.04,15261965.0,76019038.0,1472386605.0,0.010365460367659349
924,2024-02-07,5.03,5.43,5.03,5.34,19960077.0,108061937.0,1472386605.0,0.013556274508487532
925,2024-02-08,5.35,5.56,5.2,5.53,18667587.0,103172556.0,1472386605.0,0.012678454786676086
926,2024-02-19,5.54,5.67,5.38,5.49,15593997.0,87899292.0,1472386605.0,0.010590966358322717
927,2024-02-20,5.47,5.6,5.43,5.58,8976300.0,50685775.0,1472386605.0,0.006096428729735693
928,2024-02-21,5.54,5.78,5.51,5.62,8061488.0,46604310.0,1472386605.0,0.005475116367280454
929,2024-02-22,5.58,5.71,5.58,5.69,6652200.0,38318196.0,1472386605.0,0.004517971012103849
930,2024-02-23,5.7,5.73,5.61,5.73,6820326.0,39414926.0,1472386605.0,0.004632157054974023
931,2024-02-26,5.7,5.83,5.69,5.74,8762100.0,51462665.0,1472386605.0,0.005950950633648287
932,2024-02-27,5.73,5.79,5.67,5.79,7030300.0,41153008.0,1472386605.0,0.004774764980967753
933,2024-02-28,5.82,5.89,5.56,5.57,12319800.0,72207488.0,1472386605.0,0.008367231784209284
934,2024-02-29,5.55,5.77,5.54,5.76,8881200.0,51670070.0,1472386605.0,0.006031839715086243
935,2024-03-01,5.73,5.8,5.65,5.7,8913600.0,51768317.0,1472386605.0,0.006053844805250724
936,2024-03-04,5.7,5.72,5.54,5.61,8285000.0,47274256.0,1472392608.0,0.00562689594812201
937,2024-03-05,5.66,5.74,5.58,5.64,9287400.0,53568246.0,1472392608.0,0.006307692628676929
938,2024-03-06,5.6,5.69,5.55,5.62,6562200.0,37585956.0,1472392608.0,0.004456827590919283
939,2024-03-07,5.64,5.85,5.63,5.73,10961234.0,64371821.0,1472392608.0,0.007444504910201233
940,2024-03-08,5.77,5.84,5.66,5.73,7826000.0,45764628.0,1472392608.0,0.005315158441762565
941,2024-03-11,5.68,5.76,5.67,5.76,7303425.0,42702617.0,1472392608.0,0.004960242913688955
942,2024-03-12,5.74,5.77,5.64,5.7,8330100.0,48344043.0,1472392608.0,0.0056575263654135375
943,2024-03-13,5.7,5.72,5.64,5.68,6397800.0,37055560.0,1472392608.0,0.0043451725886415205
944,2024-03-14,5.78,5.91,5.69,5.73,14195400.0,84196429.0,1472392608.0,0.00964104269667727
945,2024-03-15,5.69,5.96,5.67,5.96,17742805.0,105725738.0,1472392608.0,0.012050321974993235
946,2024-03-18,6.05,6.17,5.89,5.99,15231621.0,92921759.0,1472392608.0,0.010344809473534113
947,2024-03-19,5.96,6.08,5.91,5.95,11778000.0,72056570.0,1472392608.0,0.007999225163184194
948,2024-03-20,5.95,6.03,5.9,5.98,9596874.0,58279992.0,1472392608.0,0.006517877057964692
949,2024-03-21,6.03,6.12,5.92,6.03,12805417.0,78621927.0,1472392608.0,0.008697012556585722
950,2024-03-22,6.02,6.04,5.86,5.97,12681417.0,77043291.0,1472392608.0,0.008612795888201037
951,2024-03-25,5.93,6.03,5.88,5.89,9306900.0,56459802.0,1472392608.0,0.006320936378947102
952,2024-03-26,5.82,5.89,5.76,5.87,9061049.0,53891656.0,1472392608.0,0.00615396257137417
953,2024-03-27,5.85,5.9,5.73,5.73,8101574.0,48218700.0,1472392608.0,0.005502319120580643
954,2024-03-28,5.7,5.95,5.7,5.92,9424952.0,56405534.0,1472392608.0,0.006401113363916046
955,2024-03-29,5.93,6.04,5.91,6.03,9215845.0,56481423.0,1472393293.9999998,0.006259091940689049
956,2024-04-01,6.1,6.23,6.08,6.16,13003833.0,81768168.0,1472393293.9999998,0.00883176597787466
957,2024-04-02,6.23,6.33,6.2,6.28,14234017.0,90930728.0,1472393293.9999998,0.009667265572319296
958,2024-04-03,6.3,6.42,6.26,6.4,19308011.0,125329732.0,1472393293.9999998,0.013113351628725907
959,2024-04-08,6.47,6.6,6.34,6.35,27718432.0,183086586.0,1472393293.9999998,0.018825426679782205
960,2024-04-09,6.27,6.55,6.19,6.49,19017839.0,125102271.0,1472393293.9999998,0.01291627656652449
961,2024-04-10,6.51,6.56,6.36,6.41,13737591.0,90272717.0,1472393293.9999998,0.009330109730858365
962,2024-04-11,6.37,6.56,6.33,6.46,12494623.0,82149753.0,1472393293.9999998,0.008485927673615173
963,2024-04-12,6.45,6.52,6.37,6.44,10199633.0,67153961.0,1472393293.9999998,0.006927247659686775
964,2024-04-15,6.43,6.45,6.21,6.36,15498177.0,100212822.0,1472393293.9999998,0.010525840523150334
965,2024-04-16,6.33,6.42,6.02,6.03,15112400.0,95308264.0,1472393293.9999998,0.010263833760709863
966,2024-04-17,6.08,6.23,6.07,6.23,10579522.0,66383324.0,1472393293.9999998,0.00718525549057547
967,2024-04-18,6.21,6.3,6.19,6.25,10376670.0,65949405.0,1472393293.9999998,0.0070474852352866
968,2024-04-19,6.26,6.44,6.23,6.28,11728741.0,75562613.0,1472393293.9999998,0.007965766380351364
969,2024-04-22,6.34,6.39,6.17,6.2,10093637.0,64399580.0,1472393293.9999998,0.006855258741758438
970,2024-04-23,6.34,6.34,6.07,6.11,13056700.0,82059034.0,1472393293.9999998,0.008867671466045132
971,2024-04-24,6.14,6.24,6.03,6.22,9576955.0,60122128.0,1472393293.9999998,0.006504345706426453
972,2024-04-25,6.29,6.44,6.21,6.39,13368800.0,86717699.0,1472393293.9999998,0.009079639288278369
973,2024-04-26,6.29,6.54,6.29,6.54,12769293.0,83907115.0,1472393293.9999998,0.008672474298840431
974,2024-04-29,6.42,6.51,6.18,6.42,21034785.0,135571559.0,1472393293.9999998,0.014286118447915183
975,2024-04-30,6.42,6.5,6.32,6.35,13116300.0,85698262.0,1472393293.9999998,0.00890814978134504
976,2024-05-06,6.39,6.47,6.32,6.42,14687300.0,96036197.0,1472393293.9999998,0.009975120139334187
977,2024-05-07,6.38,6.5,6.38,6.44,8579000.0,56348975.0,1472393293.9999998,0.00582656823754863
978,2024-05-08,6.4,6.47,6.37,6.38,7950700.0,52028858.0,1472393293.9999998,0.00539984801098938
979,2024-05-09,6.37,6.54,6.36,6.53,9844500.0,65136391.0,1472393293.9999998,0.006686053271307552
980,2024-05-10,6.56,6.63,6.47,6.6,11589500.0,77425715.0,1472393293.9999998,0.007871198576648775
981,2024-05-13,6.51,6.53,6.4,6.49,10400100.0,68640744.0,1472393293.9999998,0.007063398103197284
982,2024-05-14,6.52,6.6,6.51,6.56,8453462.0,56521226.0,1472393293.9999998,0.005741307050533199
983,2024-05-15,6.54,6.61,6.45,6.48,6932026.0,46062964.0,1472393293.9999998,0.0047079988942139266
984,2024-05-16,6.49,6.6,6.37,6.39,10351693.0,68393829.0,1472393293.9999998,0.007030521697010664
985,2024-05-17,6.39,6.51,6.34,6.5,8187600.0,53551524.0,1472393293.9999998,0.005560742522642868
986,2024-05-20,6.59,6.81,6.57,6.77,20987432.0,143398784.0,1472393293.9999998,0.014253957883076316
987,2024-05-21,6.89,6.91,6.58,6.6,20072300.0,137607486.0,1472393293.9999998,0.013632431009971717
988,2024-05-22,6.63,6.67,6.42,6.46,12196500.0,81032158.0,1472393293.9999998,0.008283452559652857
989,2024-05-23,6.37,6.39,6.15,6.17,13479634.0,85778332.0,1472393293.9999998,0.009154914013076184
990,2024-05-24,6.25,6.32,6.2,6.25,8196400.0,52438235.0,1472393293.9999998,0.005566719186646881
991,2024-05-27,6.26,6.32,6.18,6.24,7521900.0,47824145.0,1472393293.9999998,0.005108621474066562
992,2024-05-28,6.31,6.42,6.25,6.33,9028600.0,58499879.0,1472393293.9999998,0.0061319214348445695
993,2024-05-29,6.3,6.57,6.28,6.55,13356200.0,88571800.0,1472393886.0,0.009071078144914275
994,2024-05-30,6.55,6.6,6.29,6.3,11642700.0,76202487.0,1472393886.0,0.007907327047947277
995,2024-05-31,6.3,6.37,6.2,6.22,8533469.0,54417964.0,1472393886.0,0.005795642783591401
996,2024-06-03,6.23,6.25,5.98,6.03,10689229.0,66257110.0,1472393886.0,0.007259761875973995
997,2024-06-04,6.07,6.12,5.98,6.07,7697800.0,47413801.0,1472393886.0,0.005228084735472747
998,2024-06-05,5.98,6.03,5.88,5.88,8327262.0,50412575.0,1472393886.0,0.005655593981459931
999,2024-06-06,5.91,6.02,5.79,5.82,9586075.0,56577519.0,1472393886.0,0.006510537085998196
1000,2024-06-07,5.86,5.93,5.79,5.9,7128386.0,41854272.0,1472394036.0,0.004841357561706397
1001,2024-06-11,5.85,5.89,5.76,5.87,6538471.0,38059104.0,1472394036.0,0.004440707337937085
1002,2024-06-12,5.9,5.92,5.83,5.86,7274200.0,42757863.0,1472394036.0,0.004940389476013878
1003,2024-06-13,5.86,5.88,5.76,5.79,5995193.0,34748069.0,1472394036.0,0.004071731379927975
1004,2024-06-14,5.76,5.91,5.75,5.89,6630823.0,38709894.0,1472394036.0,0.004503429678385359
1005,2024-06-17,5.86,5.94,5.78,5.8,6495550.0,37950284.0,1472394036.0,0.004411556853114012
1006,2024-06-18,5.8,5.94,5.79,5.92,7032000.0,41417855.0,1472394036.0,0.0047758954655260505
1007,2024-06-19,5.9,6.0,5.9,5.94,6139800.0,36556272.0,1472394036.0,0.0041699435408471056
1008,2024-06-20,5.94,5.99,5.77,5.79,6039670.0,35351403.0,1472394036.0,0.004101938647081018
1009,2024-06-21,5.81,5.88,5.75,5.76,4928200.0,28666298.0,1472394036.0,0.0033470659887948635
1010,2024-06-24,5.76,5.76,5.51,5.57,7663545.0,42949284.0,1472394036.0,0.005204819370784248
1011,2024-06-25,5.58,5.71,5.56,5.62,6960400.0,39246582.0,1478475276.0,0.004707823061357706
1012,2024-06-26,5.58,5.8,5.56,5.78,7661463.0,43510641.0,1478475276.0,0.00518200278649773
1013,2024-06-27,5.79,5.79,5.51,5.53,7717600.0,43301241.0,1478475276.0,0.005219972308823377
1014,2024-06-28,5.56,5.75,5.51,5.66,8547034.0,48405032.0,1478475276.0,0.00578097864654451
1015,2024-07-01,5.75,5.85,5.75,5.82,7551800.0,43814536.0,1478475276.0,0.005107829750411058
1016,2024-07-02,5.8,5.84,5.74,5.77,5977700.0,34599217.0,1478475276.0,0.004043151817981433
1017,2024-07-03,5.77,5.82,5.73,5.78,4380200.0,25318822.0,1478475276.0,0.002962646769346449
1018,2024-07-04,5.79,5.84,5.6,5.64,5295114.0,30213928.0,1478475276.0,0.0035814694272912548
1019,2024-07-05,5.65,5.77,5.59,5.74,5388600.0,30643098.0,1478475276.0,0.0036447007856491203
1020,2024-07-08,5.79,5.79,5.6,5.62,5129400.0,29016665.0,1478475276.0,0.0034693850369128527
1021,2024-07-09,5.59,5.75,5.53,5.73,5839483.0,33054373.0,1478475276.0,0.0039496656418893
1022,2024-07-10,5.73,5.76,5.6,5.62,4931700.0,27972215.0,1478475276.0,0.003335666196152204
1023,2024-07-11,5.68,5.88,5.68,5.87,7394799.0,42996441.0,1478475276.0,0.005001638593515445
1024,2024-07-12,5.87,5.91,5.78,5.8,4835500.0,28172656.0,1478475276.0,0.003270599162863512
1025,2024-07-15,5.61,5.69,5.35,5.41,21484393.0,116640809.0,1478475276.0,0.014531452333870478
1026,2024-07-16,5.41,5.55,5.39,5.45,11851910.0,64919248.0,1478475276.0,0.008016305847240964
1027,2024-07-17,5.42,5.47,5.31,5.33,9563320.0,51156563.0,1478475276.0,0.006468366536282883
1028,2024-07-18,5.31,5.39,5.25,5.36,7037500.0,37390327.0,1478475276.0,0.004759971380136897
1029,2024-07-19,5.32,5.33,5.23,5.26,6009962.0,31685548.0,1478475276.0,0.004064972947170203
1030,2024-07-22,5.25,5.27,5.16,5.2,5978848.0,31057904.0,1478475276.0,0.004043928293596977
1031,2024-07-23,5.21,5.25,5.07,5.07,7564578.0,38749575.0,1478475276.0,0.005116472438055163
1032,2024-07-24,5.08,5.17,5.04,5.13,7684264.0,39258821.0,1478475276.0,0.00519742475558313
1033,2024-07-25,5.09,5.15,5.03,5.08,5622373.0,28553872.0,1478475276.0,0.0038028184111480534
1034,2024-07-26,5.11,5.22,5.08,5.19,5691313.0,29470443.0,1478475276.0,0.0038494475304299914
1035,2024-07-29,5.2,5.21,5.11,5.13,4495400.0,23122742.0,1478475276.0,0.0030405648798959017
1036,2024-07-30,5.13,5.14,5.05,5.12,3692353.0,18862613.0,1478475276.0,0.002497405983000016
1037,2024-07-31,5.12,5.32,5.11,5.31,7431595.0,38905405.0,1478475276.0,0.005026526395562126
1038,2024-08-01,5.3,5.41,5.22,5.26,5777829.0,30607227.0,1478475276.0,0.00390796457255062
1039,2024-08-02,5.2,5.25,5.16,5.18,5716600.0,29734786.0,1478475276.0,0.0038665509615190886
1040,2024-08-05,5.15,5.2,5.06,5.07,6870700.0,35199767.0,1478475276.0,0.004647152449237169
1041,2024-08-06,5.09,5.15,5.05,5.11,5765800.0,29355400.0,1478475276.0,0.0038998284878995837
1042,2024-08-07,5.1,5.13,5.05,5.09,6242074.0,31788859.0,1478475276.0,0.004221967117967552
1043,2024-08-08,5.08,5.12,5.02,5.09,5218000.0,26475885.0,1478475276.0,0.0035293116392972404
1044,2024-08-09,5.1,5.17,5.08,5.08,6513550.0,33362886.0,1478475276.0,0.004405586015359245
1045,2024-08-12,5.06,5.11,5.05,5.07,4709000.0,23896217.0,1478475276.0,0.0031850380432063446
1046,2024-08-13,5.07,5.11,5.03,5.09,4782500.0,24234054.0,1478475276.0,0.003234751421030865
1047,2024-08-14,5.09,5.11,5.02,5.02,6204470.0,31364315.0,1478475276.0,0.004196532806951044
1048,2024-08-15,5.02,5.1,4.98,5.06,6069370.0,30638103.0,1478475276.0,0.004105154883902164
1049,2024-08-16,5.09,5.12,5.02,5.03,5120893.0,25890838.0,1478475276.0,0.003463631136162469
1050,2024-08-19,5.03,5.13,5.02,5.07,6670600.0,33900893.0,1478475276.0,0.004511810314506741
1051,2024-08-20,5.1,5.1,4.85,4.92,11553059.0,56911707.0,1478475276.0,0.007814171253006465
1052,2024-08-21,4.92,4.97,4.88,4.92,5667079.0,27929418.0,1478475276.0,0.003833056319570135
1053,2024-08-22,4.93,4.94,4.82,4.84,5014312.0,24370425.0,1478475276.0,0.0033915426800819903
1054,2024-08-23,4.81,4.87,4.8,4.85,4871170.0,23521446.0,1478475276.0,0.003294725369489371
1055,2024-08-26,4.84,4.99,4.84,4.96,6403643.0,31650375.0,1478475276.0,0.004331247944385646
1056,2024-08-27,4.96,4.99,4.88,4.9,3993597.0,19613445.0,1478475276.0,0.0027011591365968843
1057,2024-08-28,4.9,4.95,4.87,4.91,3687573.0,18135445.0,1478475276.0,0.002494172922510204
1058,2024-08-29,4.88,5.01,4.86,4.98,5289943.0,26201670.0,1478475276.0,0.003577971905158866
1059,2024-08-30,4.98,5.06,4.93,5.0,6101841.0,30567029.0,1478475276.0,0.004127117374940804
1060,2024-09-02,4.98,5.0,4.86,4.86,5874973.0,28897491.0,1478475276.0,0.003973670101467426
1061,2024-09-03,4.89,4.93,4.82,4.86,3824343.0,18634611.0,1478475276.0,0.002586680387613056
1062,2024-09-04,4.82,4.86,4.76,4.77,6592678.0,31650995.0,1478475276.0,0.0044591060175429
1063,2024-09-05,4.79,4.84,4.77,4.81,4524265.0,21709017.0,1478475276.0,0.0030600883717449463
1064,2024-09-06,4.82,4.82,4.73,4.74,4569400.0,21756218.0,1478475276.0,0.0030906164439641263
1065,2024-09-09,4.71,4.74,4.65,4.67,4635007.0,21676349.0,1478475276.0,0.003134991213745532
1066,2024-09-10,4.71,4.76,4.62,4.7,4343450.0,20297240.0,1478475276.0,0.0029377900804341893
1067,2024-09-11,4.7,4.73,4.65,4.69,3261700.0,15293743.0,1478475276.0,0.002206124142180109
1068,2024-09-12,4.71,4.79,4.7,4.72,3505686.0,16610593.0,1478475276.0,0.002371149559892945
1069,2024-09-13,4.73,4.75,4.65,4.66,3116549.0,14612290.0,1478475276.0,0.0021079479992602867
1070,2024-09-18,4.67,4.69,4.57,4.67,3851162.0,17841566.0,1478475276.0,0.002604820021352863
1071,2024-09-19,4.69,4.86,4.66,4.85,6966030.0,33397171.0,1478475276.0,0.004711631038461816
1072,2024-09-20,4.86,4.89,4.81,4.88,6039214.0,29365511.0,1478475276.0,0.004084758195171875
1073,2024-09-23,4.88,4.92,4.85,4.87,3984637.0,19432920.0,1478475276.0,0.0026950988391097044
1074,2024-09-24,4.91,5.08,4.9,5.08,8139562.0,40742677.0,1478475276.0,0.005505375796355218
1075,2024-09-25,5.16,5.23,5.06,5.08,7511200.0,38671696.0,1478475276.0,0.005080369027422275
1076,2024-09-26,5.08,5.22,5.04,5.22,6913425.0,35489167.0,1478475276.0,0.004676050463761695
1077,2024-09-27,5.3,5.4,5.26,5.36,7986400.0,42549145.0,1478475276.0,0.005401781233438766
1078,2024-09-30,5.55,5.87,5.45,5.85,20625359.0,117501113.0,1478481357.0000002,0.013950367992364206
1079,2024-10-08,6.43,6.44,5.82,6.08,24690941.0,150948047.0,1478481357.0000002,0.01670020449233165
1080,2024-10-09,5.91,5.95,5.48,5.49,18072564.0,102791394.0,1478481357.0000002,0.012223734790049163
1081,2024-10-10,5.52,5.71,5.43,5.55,11788227.0,65932539.0,1478481357.0000002,0.007973199624187076
1082,2024-10-11,5.58,5.59,5.33,5.38,10331622.0,56336846.0,1478481357.0000002,0.006987996129328263
1083,2024-10-14,5.37,5.5,5.34,5.45,9993500.0,54273099.0,1478481357.0000002,0.00675930065177007
1084,2024-10-15,5.44,5.44,5.26,5.26,10897700.0,58204416.0,1478481357.0000002,0.007370874139470125
1085,2024-10-16,5.22,5.37,5.21,5.34,8362700.0,44404028.0,1478481357.0000002,0.005656276936064198
1086,2024-10-17,5.38,5.41,5.21,5.21,7205700.0,38132165.0,1478481357.0000002,0.004873717186817391
1087,2024-10-18,5.2,5.45,5.19,5.35,12829905.0,68068952.0,1478481357.0000002,0.008677759066257876
1088,2024-10-21,5.37,5.43,5.31,5.32,10706633.0,57400736.0,1478481357.0000002,0.007241642208952114
1089,2024-10-22,5.33,5.46,5.3,5.45,11919900.0,64029541.0,1478481357.0000002,0.008062259252417478
1090,2024-10-23,5.46,5.5,5.39,5.45,10561400.0,57524447.0,1478481357.0000002,0.0071434110075153275
1091,2024-10-24,5.45,5.47,5.35,5.43,7413575.0,39983882.0,1478481357.0000002,0.005014317539345205
1092,2024-10-25,5.49,5.6,5.48,5.56,11438127.0,63335133.0,1478481357.0000002,0.007736402590296577
1093,2024-10-28,5.58,5.68,5.55,5.67,9927427.0,55771548.0,1478481357.0000002,0.0067146108762195225
1094,2024-10-29,5.78,5.92,5.61,5.63,18968593.0,109024174.0,1478481357.0000002,0.012829781660885695
1095,2024-10-30,5.71,5.74,5.55,5.62,14069603.0,79172541.0,1478481885.0,0.009516249838935294
1096,2024-10-31,5.58,5.7,5.57,5.69,11766594.0,66538510.0,1478481885.0,0.007958564876160116
1097,2024-11-01,5.63,5.98,5.63,5.88,32279200.0,188568402.0,1478481885.0,0.021832665200358543
1098,2024-11-04,6.06,6.07,5.76,5.91,25111660.0,147305609.0,1478481885.0,0.016984760012801914
